driverId,name,ssn,location,certified,wage-plan
10,Brenda Evans,882-93-3770,"6155 Elizabeth Way
Port Derek, PW 19292",N,hours
11,Raymond Scott,395-07-4034,"994 Patel Ridge
Simsfurt, AL 09945",N,miles
12,Devon Vargas,099-86-7371,"23966 Nelson Highway
Frostburgh, CA 30641",N,hours
13,Angela Smith,389-64-5046,"29525 Cochran Tunnel
Lake Ashley, FL 61449",Y,hours
14,Barbara Adams,486-47-2596,"USCGC Osborne
FPO AA 87528",N,miles
15,Gregory Smith,211-82-7267,"40525 Jennifer Vista Suite 644
Thomashaven, VI 23662",N,miles
16,Steven Harris,146-57-3998,"824 Derek Mission
Shannonfurt, AS 71918",N,miles
17,Sarah Jones,737-06-6474,"8848 Griffin Drive Apt. 095
Michaelbury, MO 35642",Y,hours
18,Mr. Bryce Davis,211-11-6281,"0619 Rodriguez Pines Apt. 539
Lake Charleston, PR 71752",Y,hours
19,Mr. Devin Cox,730-10-8082,"Unit 6032 Box 9728
DPO AA 42643",N,hours
20,Ray Robinson,393-96-3661,"Unit 3983 Box 4073
DPO AA 85698",N,hours
21,Jay Gonzalez,791-48-7496,"0536 Shannon Street
New Timothy, FM 21512",Y,miles
22,Michael Payne,379-33-6188,"7900 Christopher River Suite 671
South Natalieview, MN 77936",N,hours
23,Briana Chambers,792-12-0465,"396 Anna Crescent Apt. 930
Mcconnellton, UT 39590",N,hours
24,Jessica Sharp,443-97-9234,"2411 Powell Junctions
Port Matthewshire, AS 34292",Y,miles
25,Wendy Hernandez,482-20-6984,"7202 Christian Ports
Kaylachester, WI 02896",N,miles
26,Stacy Rogers,682-56-9531,"9824 Foster Streets
East Alicia, DC 31964",N,hours
27,Keith Hines,289-03-9723,"997 Kerri Springs
Laurenberg, NM 76150",Y,hours
28,Tiffany Stevens,061-73-8920,"PSC 3173, Box 8492
APO AP 74808",N,hours
29,Cristian Miller,645-12-7488,"69864 Jamie Center
Sextonberg, IA 43448",N,hours
30,Tonya Cox,243-27-8740,"USS Davis
FPO AP 17110",Y,miles
31,Nancy Huffman,224-65-2195,"1957 Chung Squares Apt. 939
Lake Miguelchester, MS 68935",N,hours
32,Nicholas Cole,778-31-4736,"99249 Michelle Rapid
Port Garrettshire, IA 43042",N,hours
33,Mary Mccullough,568-52-4582,"870 Deborah Flats
Perkinschester, MN 57107",Y,miles
34,Jennifer Willis,843-77-5662,"1064 Newman Ways
Kentmouth, RI 89866",Y,miles
35,Melissa Bell,378-88-4831,"328 Patel Gateway
South Zacharyland, AL 18832",N,hours
36,Lisa Brown,698-37-7374,"45204 Danielle Inlet
North Michellestad, NH 48491",N,hours
37,Joshua Parker,261-20-6635,"51906 Kevin Crest
North April, PA 06928",N,miles
38,Christopher Booker,650-92-4093,"68242 Smith Hollow Suite 709
Joseside, VT 99414",Y,hours
39,James Beasley,135-64-7842,"0017 Robinson Junction
South Samantha, NV 97196",Y,miles
40,Cindy Stout,098-26-5247,"85353 Holly Ports
East Ryan, PA 62163",Y,hours
41,Melinda Phillips,119-62-3286,"359 Cox Parks Apt. 293
East Samuel, GU 17588",N,hours
42,Terri Ibarra,677-87-8990,"923 Hernandez Vista Apt. 305
Kennedytown, AL 14314",N,miles
43,Marcus Smith,383-18-6679,"10918 Hammond Greens
Amberside, TN 06975",Y,miles
44,Thomas Jordan,604-05-2814,"61220 Kathleen Haven Apt. 046
Lake Josephmouth, NC 73201",N,hours
45,Joshua Ortiz,588-32-5956,"98622 Douglas Shoal Suite 812
Dickersonville, PA 71568",N,hours
46,Hannah Walker,275-02-6051,"0210 Adam Station Suite 862
Kennedyhaven, VI 73609",N,hours
47,Theresa Davis,002-90-0449,"07953 Bonnie Views Suite 619
Scottstad, OR 04258",N,hours
48,Sabrina Avery,684-24-1739,"71860 Ronald Track
West Fernando, RI 22678",N,miles
49,Angela Flowers,421-09-7603,"49299 Scott Locks
South Jessica, CT 89160",Y,hours
50,Paul Palmer,541-56-5296,"270 Oneal Fort Apt. 905
Bennettmouth, NY 22833",Y,hours
51,Kathleen Robinson,849-11-3094,"851 Moore Wells
New Lawrence, IA 81925",N,miles
52,Joseph Brown,465-68-6785,"764 Hart Shoals
Sloanview, DE 80602",Y,hours
53,Carol Morgan,593-61-2773,"1460 Patrick Ridges Suite 841
Rodriguezborough, MH 86583",Y,miles
54,Chad Mccall,728-91-4888,"4249 Williams Corner
Gabrielberg, MD 89026",N,hours
55,Mr. Miguel Robinson,108-68-3175,"33826 Rebecca Spring Suite 970
Jeffreymouth, UT 01263",N,hours
56,Arthur Taylor,895-91-9562,"4407 Bruce Cape Apt. 015
Hollyshire, NJ 99063",Y,hours
57,David Palmer,809-54-0384,"15573 Susan Knoll Apt. 612
Simpsonmouth, MN 96001",Y,miles
58,Troy Lam,880-29-9791,"618 Michael Spurs
East Shirleyview, MD 62102",Y,miles
59,Isaiah Martin,008-16-1262,"7367 Eric Wall Apt. 082
South Jack, NH 59804",N,miles
60,Deborah Wright,624-54-1107,"685 Eric Garden Apt. 015
South Jill, AZ 62548",N,miles
61,Holly Gallagher,736-08-4514,"840 Margaret Lodge Apt. 025
Woodstown, AL 20663",Y,hours
62,Dustin Young,224-02-5749,"63145 Steven Lakes Apt. 336
New Julie, OK 99264",N,miles
63,Spencer Peterson,027-39-5954,"PSC 7868, Box 9106
APO AA 19075",Y,miles
64,Gloria Fox,686-11-3108,"PSC 9264, Box 3350
APO AP 37362",N,hours
65,Casey Schroeder,225-70-4038,"507 Heather Points Apt. 789
South Jillian, AR 13594",Y,hours
66,Billy Cross,193-65-2598,"831 Wu Circle
West Sandra, PA 89605",Y,miles
67,David Kelley,568-02-6281,"88587 Stephanie Isle Suite 698
Jamesfort, KY 52660",N,hours
68,Jasmine Davis,737-50-3825,"968 Chen Loaf Suite 216
East James, MA 78999",Y,hours
69,William Cruz,198-93-5572,"054 Wood Port
Banksland, CO 86500",Y,hours
70,Matthew Burton,620-92-3940,"26305 Bradley Road
Sandersport, NY 99600",Y,hours
71,Justin Brewer,711-43-4538,"269 Brianna Lake
Matthewborough, KY 34431",N,miles
72,Amy Barnes,559-31-7000,"PSC 3688, Box 0990
APO AE 42510",N,miles
73,Louis Barrett,414-81-9221,"USNS Huerta
FPO AP 46085",Y,miles
74,Michael Parker,143-09-4355,"0120 Alicia Bypass
Beardmouth, MI 08142",Y,miles
75,Elizabeth Pacheco,145-92-8187,"20521 Christopher Rest Suite 598
South Lori, WY 56694",N,miles
76,Brian Bauer,132-85-7819,"9026 Tran Groves
New Jennifer, CT 73654",Y,hours
77,Monica Hunter DDS,702-15-0073,"7412 Adrian Fields
Lake Hannahmouth, IN 28463",N,miles
78,Kelly Morgan,631-59-7948,"1061 Jessica Passage Apt. 974
New Christina, KS 15098",Y,miles
79,Tammy Martinez,020-37-3298,"6700 Hopkins Ranch
Aguilarstad, FM 11625",N,miles
80,Linda Anderson,882-40-7857,"68915 Robin Unions
South Elizabeth, KS 55998",N,miles
81,Dennis Baker,637-65-6830,"2142 Donald Row
Port Sandraport, PA 37512",N,miles
82,Charles Jones,040-11-0900,"9520 Michael Hills Suite 258
Edwardshire, MH 35271",N,miles
83,Christine Scott,682-67-9894,"4609 Duke Coves Apt. 944
Christianville, MA 92579",Y,hours
84,Jasmine Morales,476-17-4431,"585 Samuel Bypass
Port Ryan, SD 05804",Y,hours
85,Kristie Wagner,306-43-0776,"894 Justin Streets Suite 587
Erikaburgh, NV 33989",Y,hours
86,Shannon Walsh,110-54-9334,"93275 Barr Mountain Suite 558
Reginaldstad, NM 18051",N,miles
87,Amy Pacheco,322-64-8068,"3338 Pamela Flats
Jacksonchester, KS 72001",N,hours
88,Stephen Wallace,012-75-4639,"6779 Rachel Garden Suite 565
New Laurenbury, KS 20945",Y,hours
89,Shannon Steele,857-65-5418,"9576 Smith Valleys Apt. 924
New Shane, NJ 45910",N,hours
90,Sarah Barnett,829-29-1680,"22880 Duarte Islands
Porterville, OR 74875",N,miles
91,Kristin Mcdonald,243-42-9731,"9534 Paul Mountains Apt. 666
Cookchester, NJ 73884",N,hours
92,Christina Durham,495-27-2301,"5463 Jones Points
Lake Tommyport, FL 16744",Y,hours
93,Amber Evans,141-59-4472,"2671 Teresa Street Apt. 773
Youngville, AR 87539",N,hours
94,Shawn Stokes,381-53-1242,"PSC 7645, Box 3923
APO AP 98185",N,hours
95,Rita Roberts,193-14-0067,"83370 Melissa Mountain Suite 529
North Jenniferburgh, MS 82808",Y,hours
96,Julia Cortez,240-32-5640,"980 Matthew Square
Hillville, CO 80397",Y,miles
97,Tim Clark,415-24-3093,"Unit 8851 Box 7982
DPO AP 27399",N,hours
98,Darlene Brown,662-46-5081,"8385 Henderson Extensions Suite 143
East Mark, NE 51583",Y,miles
99,Lauren Hernandez,706-54-8552,"38749 Evan Village Suite 011
North Williamchester, WY 27743",Y,miles
100,Stephen Gibbs,148-53-5208,"8451 Douglas Highway Apt. 540
Michaelfort, AK 19214",Y,hours
101,David Becker,242-95-8512,"35155 Andrea Drive Apt. 310
Williamsside, VI 81209",Y,hours
102,Laura Ortega,165-84-4949,"3161 Deanna Harbor Apt. 421
Kevintown, UT 41491",Y,hours
103,Michael Ellis II,893-24-1206,"23767 Perez Passage
Lake Hannahhaven, NJ 64785",Y,miles
104,Michael Velazquez,521-18-0335,"676 Schmitt Ports Apt. 983
Leonardfort, TN 46014",N,hours
105,Amy Martin,790-21-1164,"386 Diaz Ranch
Shortland, RI 81104",N,hours
106,Kevin Moreno,704-55-7519,"71392 Colon Mountains Apt. 296
Port James, NC 48387",Y,hours
107,Anthony Ashley,440-07-2704,"992 Jesse Way
South Jonathanchester, UT 16316",Y,hours
108,Julie Dominguez,889-50-9847,"52861 Avery Island Apt. 139
West Veronicaside, VT 99263",Y,hours
109,Penny Hobbs,847-06-7358,"560 Frye Viaduct Apt. 770
Hensleyfurt, NM 25808",N,hours
110,Kimberly Castro,897-49-4144,"PSC 0173, Box 1660
APO AP 97267",Y,hours
111,Sandra Fields,439-90-5801,"7115 Bowman Wall
Jenniferchester, MN 32971",N,hours
112,Richard Hanna,504-29-5904,"85057 Johnson Radial
Lake Marisamouth, ME 04810",Y,hours
113,Andrea Parker,388-05-4493,"733 Margaret Estate Apt. 899
Port Anneborough, GA 41156",N,miles
114,Richard Nelson,393-86-3077,"637 Brooke Path Apt. 577
Clarenceside, FM 83309",N,hours
115,Jessica Tucker,686-04-8312,"77574 Morales Meadows
South Patricia, LA 03287",N,hours
116,Rebecca Chavez,373-36-9236,"73758 Rodriguez Bridge
East Kelsey, ID 96026",Y,hours
117,Deborah Nicholson,286-16-5650,"PSC 8138, Box 3488
APO AA 59320",N,miles
118,Valerie Fernandez,461-91-1922,"PSC 5139, Box 3979
APO AA 37361",Y,hours
119,Bruce Brown Jr.,241-76-5081,"4031 Willis Causeway Suite 075
North Brian, VA 30648",Y,hours
120,Joshua Pearson,485-49-3367,"326 Obrien Field Suite 646
Smithburgh, OH 62784",Y,hours
121,Alex Martinez,144-05-0688,"721 Montgomery Freeway Apt. 763
Lake Darleneburgh, MO 22028",Y,miles
122,Monica Johnson,024-17-1382,"7752 Susan Wells Apt. 891
South Kennethport, MO 18164",N,miles
123,Courtney Peters,101-62-3996,"57385 Ewing Road Suite 775
North Rodney, NY 39505",N,miles
124,Jody Jimenez,254-01-4515,"USNS Perez
FPO AE 64640",N,miles
125,Sharon Perez,326-56-3398,"7772 Stephanie Glen Apt. 958
Lake Cathy, DC 57770",N,hours
126,Denise Fleming,653-10-2370,"78598 Mitchell Shores
Campbellburgh, FL 77095",N,miles
127,Chelsea Young,746-37-0170,"9906 Julia Station Suite 050
Juliefurt, PA 34011",Y,hours
128,Mark Powell,590-58-0592,"18689 Johnson Isle Apt. 623
Gainesfurt, MO 07099",Y,hours
129,Cynthia Carey,631-46-1700,"44295 Riley Island
Lake Angelburgh, UT 95272",Y,hours
130,Brandon Bradley,681-47-0471,"0569 Allison Point
Grantbury, PR 43715",N,hours
131,Jacob Mata,002-55-8607,"1237 Hood Cliffs Apt. 027
Williamsfurt, GA 99787",Y,miles
132,Anthony Day,274-06-5804,"USNS Gibson
FPO AP 59417",N,hours
133,Cindy Carson,742-67-9307,"08745 Odonnell Glens Suite 167
Elizabethbury, ME 41941",N,miles
134,Angela Taylor,706-22-1590,"71522 Dana Via
North Melissa, TN 31286",Y,miles
135,Maxwell Floyd,683-20-9027,"058 Amber Circle
Phelpsfurt, ND 09072",Y,hours
136,Charles Ortiz,385-22-8772,"4138 Dennis Walk Apt. 749
West Derrickmouth, LA 82900",N,miles
137,Jennifer Craig,713-84-8076,"17867 Jackson Ports
Murrayport, SC 75486",Y,hours
138,Ashley Walters,079-82-1260,"466 Zachary Way
Cherryton, AL 05007",N,hours
139,Jeremy Adams,308-05-7290,"61690 Goodman Villages Suite 940
South Noah, IN 79635",N,miles
140,Lawrence Stewart,317-23-7082,"712 Flores Freeway Suite 058
Lake Robertland, DE 81001",N,miles
141,Bradley Burns,229-11-1983,"PSC 1134, Box 0925
APO AP 50890",Y,hours
142,Kevin Guerra,275-66-6276,"322 Johnny Views Suite 517
East Adamchester, TN 04623",N,hours
143,Amy Stephens,084-94-5024,"1167 Marshall Corner
Port Faith, SD 02493",Y,miles
144,Jonathan Burns,572-27-6007,"716 Cooper Ford Apt. 668
East Elijahchester, PA 49831",N,hours
145,Betty Ramirez,566-35-9687,"3237 Melton Coves Apt. 958
Martinezside, LA 95415",N,miles
146,Alicia Henson,249-72-5325,"080 Scott Points Suite 831
New Sherylfurt, WY 07375",Y,miles
147,Amy Jones,149-45-7634,"326 Stephanie Alley Suite 826
North Julialand, MD 39246",N,hours
148,Stephanie Jones,219-61-7212,"USS Baker
FPO AA 78560",Y,hours
149,Kristina Greene,440-36-0453,"1911 Dillon Passage Suite 390
Hansenchester, LA 34632",N,miles
150,Megan Turner,535-77-0669,"97353 Diaz Way Suite 525
Tiffanyborough, MS 37133",N,hours
151,Christopher Ortiz,784-68-9100,"76977 Parks Glens
Wrighthaven, GA 54792",Y,hours
152,Sandra Blake,086-19-1764,"3384 Duarte Road Suite 389
South Jeffreyberg, WV 31577",N,hours
153,Jeffrey Mitchell,429-97-1726,"572 Ronald Squares Apt. 117
Juliemouth, ID 43391",N,miles
154,John Garcia,501-21-3495,"6996 Smith Rue
Port James, AZ 27913",Y,miles
155,Russell Luna,307-87-7798,"27768 Alvarado Path
Lake Kurttown, IN 94665",N,miles
156,Michael Rodgers,131-64-6425,"97247 Karen Cliff
Williamview, PW 62269",Y,miles
157,Sheryl Chambers,095-93-6217,"518 Carla Lights
Samuelborough, WA 28787",Y,miles
158,Lisa Mclaughlin,744-79-6431,"965 Nielsen Drive Apt. 195
Michaelchester, HI 32204",Y,miles
159,Michelle Schroeder,102-86-0020,"667 Eric Fall Apt. 332
Greenland, RI 73717",N,hours
160,Mark Garza,131-52-0308,"1487 Davis Ranch Apt. 219
Jaredchester, VA 45946",Y,miles
161,Lauren Thomas,730-39-3176,"16684 Carl Branch Suite 933
New Alicia, KY 62337",N,miles
162,Lisa Evans,703-71-7823,"1696 Jordan Dam
Lake Stanley, WY 94545",N,miles
163,Kari Malone,414-59-8316,"22413 Jacqueline Radial Suite 904
Kimberlyshire, MD 51364",Y,hours
164,Jason Kennedy,016-45-4158,"1608 Brian Port Apt. 740
New Jodichester, WY 28757",Y,miles
165,Michael Figueroa,306-85-3766,"3180 Ramirez Fords
Colemouth, MT 38518",Y,miles
166,Dawn Martinez DDS,283-69-7657,"1273 Parks Inlet Apt. 535
Dustinburgh, CT 64580",Y,hours
167,Jermaine Parker,164-91-7584,"1052 Daniel Dale Suite 291
West Daniel, FM 74647",Y,miles
168,Patricia Herrera,272-59-0719,"21095 Ryan Mission
Michaelchester, AL 61132",N,hours
169,Tyler Jacobs,571-65-8088,"PSC 8379, Box 5291
APO AP 74205",N,hours
170,Melissa Murphy,851-28-7296,"912 Scott Curve Suite 063
Sanchezfort, ME 47934",Y,miles
171,Marcus Pugh,363-02-4870,"619 Jessica Lodge Apt. 529
Anthonyhaven, LA 86915",N,miles
172,Monica Armstrong,294-57-0991,"8214 Flynn Gateway Apt. 794
New Christopher, RI 00744",N,miles
173,Shawn Cruz,379-97-8461,"976 Henderson Springs Apt. 441
West Ronniemouth, ND 16931",N,hours
174,Katie Lucero,127-14-8479,"974 Brian Circles Apt. 057
Dunnhaven, WI 01070",Y,hours
175,Alyssa Taylor,512-20-1687,"4427 Peter Roads Suite 545
Lake Gavinport, SC 07619",Y,miles
176,Aaron Harper,739-97-9775,"88198 Andrea Parks
Lake Markville, FM 48919",Y,hours
177,Daniel Russell,428-89-5644,"009 Jackson Squares Suite 144
North Antoniofurt, ID 05246",N,hours
178,Michael Alvarez,801-32-2493,"9588 James Springs
New Ravenbury, IN 18905",Y,hours
179,James Lawson,475-20-5886,"461 Eric Junctions Apt. 891
Harrismouth, DC 04807",Y,hours
180,Kathryn Reese,192-89-2341,"852 Valdez Garden Apt. 973
Bakerfurt, RI 73832",N,miles
181,Kristin Thornton,043-72-1003,"265 Nancy Dam Apt. 045
Joelshire, MH 85668",Y,miles
182,Alexis Vasquez,183-18-1752,"PSC 8279, Box 1573
APO AP 64177",Y,miles
183,David Roman,722-09-8795,"36908 Christopher Trail
Frankville, MS 02885",Y,miles
184,Donald Malone,740-33-0452,"895 Torres Creek Suite 327
New Roberta, NV 77776",Y,hours
185,Melissa Miller,236-91-8709,"40623 Wood Vista Suite 956
Lake Dennishaven, WV 39929",Y,miles
186,Joshua Thomas,350-82-3747,"8544 Perry Village Suite 435
Sarahborough, AL 18044",N,miles
187,Sandy Moore,261-07-1503,"23095 Richard Brook
Chelseaport, PR 11718",Y,miles
188,Mr. Ryan Burton MD,213-27-8159,"PSC 7963, Box 7723
APO AE 03655",Y,hours
189,James Foster,498-34-1746,"73175 Richard Port Apt. 517
North Williamfort, HI 35631",Y,hours
190,Lori Gallegos,338-81-0301,"8187 Miller Inlet Apt. 891
Michaelmouth, AL 12421",N,miles
191,Sarah Chavez,079-79-6381,"49454 Shawn Burgs
West Samuel, DC 22093",N,miles
192,Erin Greene,790-88-1994,"16321 James Corner
Port Alex, NJ 35532",N,miles
193,Jimmy Brown,365-05-6839,"473 Jesus Mountains
Montgomerystad, AK 08924",Y,hours
194,Matthew Alvarez,465-03-4795,"2672 Riley Estate Suite 641
Port Daniel, NY 01143",N,miles
195,William Cohen,473-14-1237,"88232 Cohen Island Suite 600
North Paulaland, FL 95517",N,miles
196,Thomas Clay,025-83-3890,"429 Janice Courts
New Robertburgh, SD 49072",Y,miles
197,Sarah White,711-85-2569,"9503 Nicholas Mission
Port Andrewburgh, ME 17672",Y,miles
198,Kathy Miller,613-80-5165,"9303 Catherine Lane Apt. 811
Alexisborough, GU 15491",Y,hours
199,Taylor Morris,653-43-4843,"81501 Shah Ramp
North Travisland, MP 06391",Y,miles
200,Joseph Lowe,153-51-5788,"689 Lopez Isle Apt. 415
North Angel, OR 31223",N,miles
201,Isabel Rodriguez MD,466-73-2188,"4895 Cynthia Isle Suite 505
Meltontown, SC 99164",Y,hours
202,Craig Evans,777-35-4137,"96392 Mckee Cape Apt. 817
Deckermouth, NE 19271",N,miles
203,Lori Webster,475-34-8031,"142 Fisher Shores Suite 301
Holmesfort, SC 60197",Y,hours
204,Christopher Riley,016-70-6929,"10832 Collin Center Apt. 522
West Garymouth, NC 21796",N,hours
205,Nicholas Wilson,426-61-4974,"39660 William Park
Isaiahshire, NJ 58211",Y,miles
206,Katherine Sims,587-47-3831,"0351 Pittman Mill Apt. 785
Starkchester, NY 34853",Y,hours
207,Ryan Deleon,009-65-3546,"831 Emily Bypass Suite 376
Donaldchester, HI 39306",Y,hours
208,Jordan Key,008-70-6379,"19934 Wilson Freeway
Ayerston, MD 52726",N,miles
209,Zachary Farrell,730-51-4992,"2609 Vargas Port
Riceland, KS 35624",Y,miles
210,Jason Williams,275-62-4811,"PSC 2321, Box 4809
APO AA 70674",Y,hours
211,Gina Brown,136-49-8046,"932 White Hill Apt. 637
Smithbury, MI 89272",Y,miles
212,Stephen Cummings,871-64-4321,"82942 Alejandro Flat
Reyesview, CA 83897",Y,hours
213,Christopher Ray,292-31-8025,"Unit 6869 Box 6741
DPO AP 40498",Y,hours
214,Janet Williamson,433-45-8599,"085 Young Terrace Suite 849
West John, WV 75500",N,hours
215,Cynthia Williams,519-15-8505,"USNS Crosby
FPO AP 99744",N,hours
216,Christina Black,375-17-5902,"44936 James Wells
New David, WI 65009",N,hours
217,Ricky Rhodes,290-07-8219,"2517 Lori Walks Suite 611
Dakotaborough, PW 87064",N,miles
218,Susan Baker,029-72-5455,"699 Theresa Land Suite 978
Melaniechester, IN 79560",Y,miles
219,Melvin Campbell,606-71-4497,"USNS Brock
FPO AA 97130",Y,hours
220,Joyce Miller,080-78-5533,"447 Freeman Walk Apt. 876
East Michael, KS 13901",N,miles
221,Jacqueline Sullivan,894-19-0833,"8021 Jenkins Creek Apt. 686
Lake Lindamouth, PW 62724",N,hours
222,Steven Andrews,410-71-2256,"089 Mcdaniel Valley
Williamport, OH 59226",N,miles
223,Sherri Harrison,369-62-2346,"600 Amy Plains Apt. 098
Lake Shane, WY 10772",N,miles
224,Tyler Williams,459-04-5048,"304 Charles Estate
North Aarontown, NH 13033",N,hours
225,Alexander Henderson,878-93-3010,"4191 Boyer Stravenue Suite 410
Michaelview, MN 88185",Y,miles
226,Dominique Peters,687-69-6205,"1848 Gonzalez Curve
West Tiffanystad, DE 32968",Y,miles
227,Dawn Wood,337-38-8109,"773 Bell Creek
New Rachel, MD 35430",Y,miles
228,Jennifer Thompson,243-75-3356,"4087 Smith Knolls Apt. 820
Taylormouth, HI 77419",N,miles
229,Cory Smith Jr.,331-64-5375,"62567 Jennifer Squares
Glennside, MP 58712",Y,hours
230,Melissa Salazar,333-04-1041,"67728 Nicole Lights Apt. 230
East Raymondland, KS 79058",N,hours
231,Kristin Stephens,074-77-2122,"USS Harris
FPO AA 76377",N,miles
232,Dustin Paul,299-10-8727,"50164 Hopkins Villages
Washingtonport, KS 85612",Y,hours
233,Joshua Hall,638-40-0698,"9034 Brown Stream
Lake Tammyport, MN 38379",N,hours
234,Gary Murphy,540-77-0414,"622 Colon Shoals Suite 575
New Cynthiafurt, PR 97023",N,hours
235,Michelle Williamson,786-81-2059,"453 Michael Light
West Brianbury, ME 99706",N,hours
236,Spencer Lester,100-76-6861,"884 Nicholas Avenue
Port Jonathan, WV 25922",Y,miles
237,John Brown,326-46-7182,"4179 Sarah Islands
Andersonborough, ID 20675",N,hours
238,Christopher Watkins,593-11-5641,"3430 Bridget Coves
South Emmahaven, LA 67061",N,miles
239,Kristina Jordan,199-82-8617,"PSC 1779, Box 1350
APO AA 28154",Y,miles
240,Patrick Miller,018-83-6290,"7460 Corey Fort Apt. 661
East Sethhaven, AZ 12473",Y,miles
241,Marie Terry,094-22-3893,"4135 Tyler Centers Suite 779
Lake Stephaniestad, MA 06684",N,miles
242,Maria Newton,113-25-0511,"185 Heather Viaduct
New Tammieburgh, RI 72895",N,hours
243,Lisa Malone,572-02-6363,"9668 Taylor Mission
Warrenmouth, NH 33444",N,miles
244,David Barnes,613-42-6968,"Unit 1599 Box 1201
DPO AA 31171",N,miles
245,Janet Bennett,420-45-5440,"818 Victoria Shoal Suite 416
Rhodesshire, PR 37666",Y,hours
246,Nathan Moore,289-11-2738,"2661 Cooper Pass Suite 450
Danielsmouth, ME 31124",Y,hours
247,Anna Hicks,481-25-1281,"232 Sarah Freeway Suite 630
Brettberg, ND 96455",Y,miles
248,Brandon Williams,329-79-3772,"090 Sanchez Forks Apt. 308
Port Anthonymouth, CA 39781",Y,miles
249,Sean Carpenter,377-97-5908,"30955 Michael Islands
East Tonimouth, MO 68608",N,hours
250,Jeffrey Perez,856-94-6263,"PSC 5907, Box 4634
APO AE 43708",Y,hours
251,Steven Myers,590-54-6868,"964 Amanda Mall Apt. 914
Brandontown, TX 88955",N,miles
252,Tiffany Hodge,214-29-1636,"50706 Burton Place
West Davidbury, SC 67367",Y,miles
253,Sara Fischer,298-58-8647,"513 Burton Mall
Donaldfurt, MD 83059",Y,miles
254,April Berg,885-74-7554,"9731 Smith Route Suite 530
East Sarahfurt, CA 40091",N,miles
255,Sara Davidson,400-67-3334,"50338 Patton Flats
Mcdonaldland, TN 55844",Y,miles
256,Robert Cole,094-59-4505,"USS King
FPO AE 50965",N,hours
257,Tamara Lewis,452-43-5325,"PSC 4341, Box 1185
APO AA 07977",N,miles
258,Edwin Smith,443-06-3055,"3435 Chad Rest
Brianside, AS 66094",Y,hours
259,Joyce Salazar,773-22-4557,"47097 Sutton Point
Graceland, IL 57959",N,miles
260,Timothy Martin,113-66-8208,"243 Hobbs Extension Suite 116
Davidport, VT 32190",N,miles
261,Tony Clayton,220-85-6208,"0069 Kimberly Creek
Murphyberg, NC 71171",Y,miles
262,Faith Long,590-90-8991,"USS Reynolds
FPO AA 00627",N,hours
263,Andrew Reyes,110-14-3685,"USS Best
FPO AA 59764",Y,miles
264,Wendy Warren MD,580-56-1246,"76630 Evans Pines
Phamside, PA 55011",N,hours
265,Joe Bray,051-50-7896,"USCGC Thomas
FPO AE 34071",Y,hours
266,Mr. Michael Torres,513-19-8070,"1145 Stephen Isle
Hunterstad, TN 61601",Y,miles
267,Shannon Reyes,262-89-1336,"6854 Bush Terrace
South Michaelstad, HI 55845",N,miles
268,Emily Gonzalez,302-08-3533,"52975 Kelly Streets Apt. 000
Janetmouth, NC 28560",N,miles
269,Steven Alexander,489-54-9763,"060 Myers Stravenue Suite 931
Hinesville, MT 51751",N,miles
270,Chad Hoffman,839-45-9410,"9587 Johnson Key
Hoffmantown, NE 91230",Y,miles
271,Jessica Garza,511-92-8028,"8647 Joseph Turnpike
New Michaela, ND 95984",N,hours
272,Adam Hill,063-44-8764,"036 April Village
Georgeton, WA 42940",N,miles
273,Marcus Mcfarland,135-94-4236,"7712 Walter Skyway Suite 729
Christianview, UT 00687",N,hours
274,Heather May,483-91-9250,"7113 Savage Square Suite 553
Port Evanhaven, IA 89917",N,hours
275,Jeremy Murray,241-30-7436,"522 Cheryl Camp
Martinberg, NM 70482",N,hours
276,Brandon Taylor,081-45-3043,"12805 Jeremy Drive Apt. 049
Freemanland, WV 54793",N,hours
277,Lisa Navarro,372-37-7398,"58701 Randall Walks
Alishaton, MP 54342",N,hours
278,Robert Meadows,561-82-1255,"USNV Colon
FPO AA 38481",Y,miles
279,Nicholas House,290-97-7323,"5719 Barton Summit
Thomaschester, DE 82964",Y,miles
280,Elizabeth Berg,018-34-8386,"6735 Mitchell Loaf
West Ryanstad, NM 25748",Y,hours
281,Ian Edwards,059-17-2757,"5010 Courtney Fork Apt. 587
Lake Deniseside, HI 18562",Y,hours
282,Shelley Carlson,184-36-3014,"612 Gutierrez Hills Suite 552
Garzafurt, WI 54728",Y,miles
283,Roger Hunter,495-43-5682,"746 Boyle Freeway Apt. 425
East Timothy, VI 80195",Y,hours
284,Matthew Edwards,572-44-8511,"152 Chris Roads Apt. 010
East Kiaramouth, MA 99634",Y,miles
285,Dan Yu,446-78-6537,"USS Moore
FPO AE 48995",Y,miles
286,Angela Dickson,530-51-3179,"35461 Peters Trail
Johnsontown, NE 48721",Y,hours
287,Jennifer Bowman,478-43-6469,"3335 Travis Harbors Suite 808
South Kevin, MT 63950",Y,miles
288,Edward Myers,447-69-1528,"729 Gregory Haven Apt. 753
Lake Bruce, WY 32465",Y,hours
289,Richard Kemp,095-94-8439,"PSC 5142, Box 0646
APO AA 82451",N,miles
290,Jessica Walsh,212-53-9863,"759 Glenn Ferry Apt. 133
South Dakota, DC 45017",N,hours
291,John King,336-04-8988,"982 Cabrera Corner
Christinatown, MS 61195",N,hours
292,Adam Gutierrez,055-94-8450,"USS Smith
FPO AP 18720",N,hours
293,Brad Anderson,586-62-3035,"023 Melanie River Apt. 486
Jeremychester, ID 34093",Y,miles
294,Mitchell Richardson,564-20-1947,"3749 David Springs Apt. 870
Smithport, WY 74094",N,hours
295,Corey Olsen,480-44-4235,"USNS Lee
FPO AP 77967",Y,hours
296,Yesenia Clark,795-38-1934,"27044 Dakota Shoals Suite 855
Port Christinehaven, GU 84760",Y,hours
297,Jose Burton,661-29-4817,"31205 Randall Road
Graybury, RI 85467",N,hours
298,Michael Riggs,050-71-0182,"Unit 9837 Box 0005
DPO AA 10355",Y,hours
299,Rodney Mcdonald,154-95-1599,"72839 Felicia Plaza Suite 451
New Nicoleburgh, MD 01087",Y,hours
300,Katie Lewis,877-17-8870,"1190 Natalie Parkway
Lake Thomas, PR 35888",Y,miles
301,Jessica Castro,267-47-0918,"01573 Lopez Creek
North Josephside, WA 47942",N,miles
302,Susan Willis,024-59-1980,"90484 Sara Islands Suite 237
Port Kelly, WA 17261",Y,hours
303,Kelly Rivera,843-94-8375,"090 Dean Tunnel Suite 415
Seanton, AK 58015",N,miles
304,Austin Bradley,350-43-4700,"07177 Small Drives Suite 616
Tammieport, KS 91709",Y,hours
305,Molly Barnes,597-19-5767,"66420 Erika Throughway
Thompsonmouth, PR 93666",Y,miles
306,Rebecca Potts,172-76-5187,"4789 Victoria Street Suite 119
Boylestad, TN 47747",Y,hours
307,David Cruz,514-44-0848,"560 Kelley Divide Suite 480
South Christine, OR 11026",N,miles
308,Joshua Moore,691-53-4289,"312 Justin Landing Suite 225
Cindyborough, KS 01437",N,hours
309,Sheila Johnson,208-04-5991,"9427 Sims Terrace
Lake Jeffreyfort, KY 44998",N,miles
310,Austin Ray,014-24-8037,"120 Brown Keys
Chamberstown, NH 86602",Y,miles
311,Amy Mason,103-45-6437,"9234 Long Point Apt. 706
Port Danielleberg, CA 31814",Y,hours
312,Amanda Bonilla,618-81-2951,"2033 Anthony Roads Suite 977
West Lauren, FM 63908",Y,hours
313,Robin Collins,466-05-0321,"907 Adams Well Suite 473
Scottfort, NJ 73264",N,miles
314,Albert James,733-91-9162,"939 Cooper Tunnel
Thompsonland, PR 23259",Y,hours
315,Richard Taylor,101-37-8417,"952 Jacqueline Fields Suite 228
Sharptown, NJ 06442",Y,hours
316,Richard Walters,132-51-2991,"2245 Walker Parks
West Jeffrey, NY 89532",Y,miles
317,Christopher Moore,259-77-8649,"4758 Lawrence Plain Suite 324
New Tiffany, KS 13084",Y,miles
318,Melissa Palmer DDS,249-20-0471,"5252 Amber Mountains Suite 027
South Donaldstad, PW 09320",N,hours
319,Ronald Phillips,777-85-1385,"386 Sharon Pike Apt. 613
New Diane, ID 82349",N,hours
320,Ashley Lynch,212-52-3889,"2566 Christie Passage
Vanessaburgh, NV 42894",N,miles
321,Jason Drake,425-81-7152,"9765 Lonnie Hills Apt. 324
North Annside, AK 74945",Y,hours
322,Ivan Henry,411-51-5789,"626 Kyle Radial Apt. 427
South Tanya, MS 13655",N,miles
323,Benjamin Gaines,862-70-9040,"047 Harmon Turnpike Apt. 935
Matthewmouth, VA 89909",N,miles
324,Christopher Oneill,655-35-5107,"108 Fernandez Manor
Lake Jennifer, OR 12594",Y,miles
325,Erica Trujillo,571-83-2141,"004 Bridges Estate Apt. 758
Marcusmouth, MH 74507",N,hours
326,Jason Booth,399-20-7923,"3268 Christopher Prairie Suite 023
Deborahview, CO 42550",N,miles
327,Robert Watkins,204-05-1264,"0550 Roberto Fort
Richardville, NM 78867",Y,hours
328,Michael Warren,745-33-7217,"66809 Patterson Oval Suite 637
Tammyborough, PW 31210",Y,miles
329,Natalie Montoya,463-22-0852,"431 Kelly Shoals Apt. 931
West Robin, RI 59874",N,hours
330,Colleen Edwards,677-08-4684,"756 Campbell Rapid
Maryburgh, DC 43184",N,hours
331,Lisa Jones,288-63-3504,"67943 Owens Islands
North Johnside, RI 14565",N,miles
332,Mark Cole,056-93-6313,"5349 Chad Ramp Suite 477
East Kim, KS 61579",Y,hours
333,Meredith Rivera,779-06-3013,"005 Fuller Mews
Johnville, NE 19234",N,hours
334,Cory Johnson,295-46-0388,"901 Jones Forest Apt. 950
South Rogermouth, SC 59858",N,hours
335,Thomas Lopez,355-48-4328,"73097 Michele Fords
Jessicamouth, UT 17070",N,hours
336,Michele Dawson,854-23-1054,"842 Burgess Ramp
Richardsonburgh, VA 91788",N,miles
337,Todd Johnson,537-10-5823,"9104 Nancy Fork
Port Kennethtown, NE 39671",N,miles
338,Jill Garner,735-89-2796,"119 Stokes Ford Apt. 173
Lake Davidberg, TN 69984",Y,miles
339,Maria Pacheco,751-57-8004,"20165 Gary Skyway Apt. 423
North Paulton, AR 44809",N,miles
340,Roger Simmons,673-47-8950,"121 Snow Squares
Lake Charles, SD 26992",N,miles
341,Amber Todd,612-22-2682,"1645 Cox River
North Robert, HI 94513",N,hours
342,Garrett Jones,809-36-9653,"Unit 8543 Box 7826
DPO AA 50408",N,miles
343,Ross Collins,818-62-8065,"USNS Jordan
FPO AP 17795",Y,miles
344,Peter Bowman,400-66-1345,"009 Joseph Falls Suite 825
Andersonside, KY 51317",Y,miles
345,Stephen Adams,473-47-2648,"52621 Marquez Prairie
Richardville, NV 07924",N,miles
346,Alexander Shaw,262-89-8943,"24273 Mcknight Fields
Isaacbury, MN 07101",N,hours
347,Brenda Johnson,356-82-6244,"386 Hunter Burg
Moralesmouth, PW 31990",Y,hours
348,Miss Linda Barnett MD,220-16-1251,"857 Laura Gardens Apt. 821
Littlestad, VI 97149",N,miles
349,Christy Mann,350-48-8838,"97158 Coleman Island Apt. 649
Lake Christopherland, MP 52909",Y,miles
350,Nicole Nelson,089-07-3863,"024 Rose Fort Suite 844
Jadeburgh, HI 59717",Y,hours
351,Samuel Wallace,023-11-8396,"Unit 9510 Box 3203
DPO AP 07912",Y,miles
352,Andrea Cole,143-73-7332,"953 Vanessa Avenue
Kevinshire, OH 97003",Y,miles
353,Ian Fitzpatrick,520-39-2813,"PSC 6069, Box 6670
APO AE 58628",N,hours
354,Jessica Macias,503-59-9296,"011 Tanner Ranch Apt. 716
Emilystad, TX 07973",N,miles
355,Dominic Henderson,494-72-9359,"445 Karen Square
East Annbury, WV 94102",N,miles
356,Emily Flores,370-86-9827,"9041 Bishop Spring Apt. 354
Lisabury, ND 94990",Y,hours
357,Stacy Reid,693-51-8904,"288 Gonzalez Cliff
New Walter, MT 66543",N,miles
358,Ricky Villa,844-74-2536,"47794 Jordan Fords
West Lauraport, AS 66169",Y,miles
359,Frank Preston,314-13-7872,"2039 Myers Rue Suite 334
Haroldberg, RI 99867",Y,miles
360,Michael Dodson,505-53-3520,"939 Logan Street
Port Timothy, VT 15771",Y,hours
361,Karen Massey,320-14-0611,"Unit 6676 Box 2185
DPO AP 26737",N,miles
362,Paula Morris,191-33-2027,"9609 David Locks Suite 426
Smithshire, MA 64849",N,miles
363,Jessica Barrett,155-99-2273,"186 Duncan Brooks
Thomasville, WV 53297",N,hours
364,Andrea Bullock,477-85-3387,"05035 Jonathan Heights
Figueroastad, VT 53736",Y,miles
365,Stanley Lutz,213-57-6655,"44690 Deborah Curve Apt. 790
Cynthiafurt, HI 72760",Y,miles
366,Patricia Wright,476-91-6139,"USS Shah
FPO AE 80040",Y,miles
367,Christopher Ellis,783-97-6058,"6256 Mia Coves Apt. 394
Tonyville, VI 67703",N,miles
368,Ernest Anderson,897-22-1937,"41056 Parsons Mall Apt. 318
Lake Elizabeth, AL 49249",Y,miles
369,Marcus Ward,780-19-0759,"2224 Lara Springs
West Curtishaven, IL 12776",Y,hours
370,Yesenia Ballard,420-33-5455,"006 Mcintosh Bypass Suite 683
East Sherrystad, AK 92813",N,hours
371,Mitchell Coleman,100-06-5253,"PSC 1687, Box 5843
APO AE 54513",Y,miles
372,Annette Harris,602-70-5480,"803 Paul Mountains Apt. 233
Lake Aaron, MD 75999",Y,miles
373,Crystal Douglas,140-05-4446,"8591 Hughes Junctions Suite 880
New Williambury, GA 85336",Y,hours
374,Angie Cohen,877-04-1350,"7955 Stephen Oval
North Rogerfort, GA 75953",Y,miles
375,Debra Vasquez,107-05-7173,"8431 Nelson Alley Suite 551
North Anna, ND 78025",N,miles
376,Shawn Wade,770-94-6974,"33637 Turner Radial Apt. 302
Jeffreyville, CO 58165",N,miles
377,Jeanette Austin,520-07-3171,"7866 Watson Dale Suite 513
Port Derricktown, WA 84283",Y,miles
378,Jennifer Anthony,114-19-4902,"7787 Megan Wall Apt. 695
South Jenniferfurt, MO 04999",N,hours
379,Lisa Walker,412-01-6246,"2667 Craig Trail
Pamelaport, GA 53490",Y,miles
380,Anthony Bolton,388-40-8527,"62435 Stuart Gardens
West Raymond, GU 37448",Y,miles
381,Dylan Booker,299-05-4002,"09699 Brooke Way
Michaelchester, CA 18468",N,hours
382,Crystal Horton,650-66-4908,"992 Cox Stream
East Karenhaven, VA 44443",N,miles
383,Tony Petty,549-02-9434,"63901 Dawn Springs
Smithstad, NV 96489",Y,hours
384,Hannah Williams,322-45-7102,"PSC 0571, Box 2623
APO AE 61510",N,miles
385,Richard Byrd,592-50-9296,"1065 Pamela Streets Apt. 742
West Heidiside, CO 30837",Y,miles
386,Brendan Baxter,865-27-7783,"PSC 4922, Box 6517
APO AP 45113",Y,miles
387,Tommy Garner,809-02-1453,"148 Nichols Centers Apt. 364
Port Jefferymouth, CO 39180",Y,hours
388,Pamela Taylor,317-47-8252,"6107 Miranda Courts
North Tonychester, GA 72521",N,hours
389,Jessica Smith,693-43-6251,"280 Chapman Manor Apt. 144
Michelleton, OK 79237",N,miles
390,Wendy Lewis,368-77-1301,"0031 Ethan Parkway Suite 742
Anthonyville, MP 06354",Y,hours
391,Mary Jones,804-23-5638,"653 Berg Heights Apt. 810
Toddmouth, IA 59813",N,hours
392,Michael Russell,212-43-6367,"721 Ashley Pass
Robertmouth, VT 77972",N,hours
393,Jill Nguyen,687-70-9884,"553 Cheryl Falls
Kristenborough, TN 69213",Y,hours
394,Stephen Mcclain,554-52-1206,"9400 Davis Rest
North Brian, VI 31077",N,miles
395,Dana Perry,651-07-0861,"09915 Kristy Shoals
Christopherburgh, NH 19088",Y,hours
396,Sarah Mullins,681-49-7230,"6681 Richard Ramp Suite 983
Kristenburgh, KY 30692",Y,miles
397,Daniel Simpson,069-02-4137,"442 Hickman Viaduct Suite 244
West Kristy, UT 24588",Y,hours
398,Laura Alexander,143-07-7378,"89901 Olson Crest Apt. 472
Lake Kathryn, AR 84830",N,hours
399,Christopher Bryant,039-24-2793,"58247 Michael Key Apt. 359
East Alexaborough, MI 04662",Y,hours
400,Russell Munoz,402-19-3583,"709 Kayla Squares
Sharonhaven, AK 35930",Y,miles
401,Joseph Vincent,077-73-4552,"731 Hernandez Dale
South Christophertown, ME 51606",Y,miles
402,Robin Campbell,841-62-8921,"842 Michelle Locks Suite 843
South Rebeccaberg, CO 17250",Y,miles
403,Catherine Hampton,876-88-9272,"4823 David Club Apt. 513
Danachester, MO 56182",N,miles
404,Ethan Turner,794-55-1914,"19808 Eric Junctions
Durhamview, CT 30411",N,miles
405,George Diaz,394-44-1630,"9862 Matthew Well
Tinatown, MO 09258",Y,miles
406,Lindsay Moon,806-87-8416,"139 Michael Circles Suite 280
New Laura, MD 46039",N,hours
407,Miss Cassandra Adams,720-36-8133,"72803 William Canyon Apt. 941
South Adam, OK 25884",Y,miles
408,Robert Bailey,093-28-9942,"457 Sanchez Light Apt. 392
Stephensmouth, LA 31030",Y,hours
409,Kristin Woods,349-83-3292,"179 Christopher Village
South Elizabeth, IN 43785",Y,hours
410,Tina Cox,722-84-6246,"7961 Horton Bypass
Jasonview, MH 29435",Y,hours
411,Evan Gonzales,124-36-1118,"USCGC Smith
FPO AP 30484",Y,hours
412,Heather Bell,370-40-7570,"3768 Craig Place Apt. 718
Jenningstown, DC 61704",Y,miles
413,Luis Hawkins,834-30-5399,"809 Hill Shores Suite 900
Armstrongport, SC 71600",N,miles
414,Mr. Andre Simmons,676-48-1250,"8927 Spencer Creek Suite 132
South Carolynton, MH 53534",Y,hours
415,Lindsay Lawson,458-88-2196,"76783 Malone River
Flemingville, MD 18355",N,miles
416,Linda Branch,334-92-3805,"894 Kevin Extension Apt. 293
Kyleton, MO 35632",Y,miles
417,Larry Frazier,514-07-2953,"596 Peter Heights Suite 483
East Mariaborough, NC 58848",Y,miles
418,John Rodriguez,676-16-3142,"19922 Burke Pine
Port Joanville, LA 37342",Y,hours
419,Mark Weeks,326-81-2656,"8802 Richard Burgs Apt. 402
Samanthaborough, ND 68848",N,hours
420,Terry Sawyer,566-08-5833,"45152 Miles Trail
Lindsayville, TN 48747",N,hours
421,Natasha Tucker,870-50-2259,"4611 Smith Port
Amandahaven, CO 21537",N,miles
422,Brian Coleman,684-63-8148,"327 Gary Falls Apt. 552
Gonzalezside, UT 21139",N,hours
423,Travis Torres,863-72-8485,"494 Jose Loaf Suite 935
Ginaview, PA 66939",N,miles
424,Michelle Clarke,686-03-8200,"1929 Gary Stream
Port William, NC 00817",N,miles
425,Matthew Walker,254-42-2939,"PSC 1831, Box 8613
APO AA 95372",Y,miles
426,Cynthia Dunn,740-62-4395,"16345 Reginald Flats
Taylorstad, MO 56380",Y,miles
427,Richard Henderson,794-35-3363,"61773 Rose Dam
Rogersport, OK 70517",Y,miles
428,Robert Howell,668-15-3922,"521 Taylor Spur Suite 889
Ayersside, GA 21352",Y,miles
429,Michael Ramos,100-98-6822,"9706 Myers Mountain
Alexburgh, KS 76068",Y,miles
430,Tricia Hawkins,828-59-2146,"8006 Patrick Harbors Apt. 594
Lake Juan, MP 36975",N,miles
431,Lori Lowe,613-29-1209,"999 Murphy Heights
South Patriciafurt, AZ 49446",Y,hours
432,Terry Crawford,715-55-0185,"790 Ashley Lakes
New Kimberly, MH 60011",N,miles
433,Linda Adams,731-79-6829,"3866 Andrew Manors Apt. 691
Lake Eileen, OK 76531",N,miles
434,Brad Arnold,671-87-6581,"8581 Carol Corner
Arielborough, MI 30338",Y,hours
435,Warren Love,698-58-7365,"8488 Heather Coves Apt. 500
New Jeanette, DE 70731",N,hours
436,Robert Snyder,374-03-7668,"349 Chad Branch Suite 748
North Garrettville, MT 42600",N,miles
437,Mrs. Kaitlyn Leonard MD,622-32-4336,"PSC 9980, Box 9288
APO AP 13312",N,miles
438,Carlos Duran,419-67-2102,"424 Martha Mission
Collinsmouth, MO 23352",Y,miles
439,Emma Lewis,053-66-6066,"006 Brittany Island Apt. 573
West David, CA 48396",Y,miles
440,Emily Myers,681-06-0603,"0011 Joan Inlet Apt. 552
Jesseport, NM 15893",Y,hours
441,Susan Holder,602-41-4456,"3329 Allen Trail
Davidberg, PA 15148",N,hours
442,Eric King,232-82-2532,"61542 Melissa Islands
New Pamela, NH 50516",N,hours
443,Timothy Warren,126-34-2002,"9361 Williams Coves Apt. 832
Reedport, NJ 68617",N,miles
444,Paul Vang,852-88-7532,"651 James Hollow Suite 720
Port Lauren, WI 30487",N,hours
445,James Foley,077-62-2830,"0235 Craig Center Apt. 141
North Veronicafort, PA 54856",N,hours
446,Angel Fields,553-71-9176,"58132 Yolanda Causeway Apt. 762
Lake Kevinbury, MP 93314",N,miles
447,Amanda Townsend,063-03-8913,"USNS Garcia
FPO AA 14524",Y,hours
448,Sylvia Washington,622-64-4875,"USS Robinson
FPO AE 65844",N,miles
449,Madeline Turner,298-93-7425,"624 Brianna Junction Apt. 563
North Ethan, MI 30377",N,miles
450,Steven Finley,084-53-2226,"976 Burgess Pike Suite 643
New Chasechester, ND 02824",Y,miles
451,Dana Bryant,598-91-3613,"9150 Jones Ways Suite 235
New Claudiachester, NJ 53470",Y,miles
452,William Nunez,329-28-0168,"339 Mcbride Fall Suite 483
Port Ryanshire, AR 35533",N,miles
453,Jason Woods,574-37-7009,"000 Andrew Fields
Campbellton, WV 91515",N,miles
454,Dawn Schwartz,777-76-7388,"983 Patel Village Suite 555
East Joy, LA 79952",Y,hours
455,Barbara Allen,032-96-1723,"9701 Estrada Springs Suite 716
Rogersshire, WY 20134",N,miles
456,Robert Wright,510-29-2262,"101 Charles Station Suite 468
Nataliehaven, AZ 82387",N,miles
457,Kathy Reynolds,443-52-6573,"65406 Jeffrey Turnpike Suite 689
Theresaland, PA 98714",Y,miles
458,Krystal Nelson,740-94-8575,"26813 Lozano Harbor Suite 287
North Scottport, TN 32506",Y,hours
459,Amy Alvarez,386-93-3779,"4096 Simmons Creek
Port Douglas, KS 74197",N,miles
460,Edward Hurst,690-02-6742,"PSC 9887, Box 7106
APO AE 84707",Y,miles
461,Andrew Cox,523-72-7597,"347 Mccann Shoals Apt. 027
Brownland, ND 91190",N,miles
462,Karen Olson,863-86-7527,"3897 Davis Road Suite 327
Elizabethville, OH 07038",Y,hours
463,David Patrick,847-98-3648,"7261 Richard Shore
Nelsonchester, CA 68463",N,hours
464,Manuel Ramirez,239-85-0430,"7767 Matthew Inlet
Alfredbury, NJ 08654",N,hours
465,Lori Lee,144-83-7902,"67459 Destiny Point Suite 328
Alvaradoborough, WY 55915",Y,hours
466,Rodney Moore,014-61-4515,"7558 Nguyen Drive
North Stephanie, ME 89549",Y,miles
467,Amy Simmons,546-76-4050,"9429 Hernandez Heights Suite 795
Boydberg, WA 58856",Y,miles
468,Lori White,113-82-2303,"864 David Track Suite 174
Lake Erika, WV 89587",N,hours
469,Eric Suarez,827-75-8945,"1306 Angela Circles Apt. 967
Geraldshire, NV 43557",N,hours
470,Holly Smith MD,235-53-4861,"579 Young Mission Apt. 901
Abbottview, NV 09307",N,hours
471,Kevin Bryan,201-34-5090,"392 Mendez Plain
Port Susan, TN 68138",N,miles
472,Sarah Carrillo,296-58-3031,"1216 William Way Suite 845
Wigginstown, CO 95321",N,miles
473,Jennifer Hamilton,454-18-5327,"3528 Jason Stravenue
West Jamesview, MD 38945",N,hours
474,Kirk Clark,472-73-7308,"2578 Crystal Mountain Apt. 529
Michaelberg, OR 15117",N,hours
475,Matthew Murphy,225-37-6750,"61094 Megan Drive Apt. 468
Johnsonfort, AL 24536",Y,hours
476,Paul White,423-23-7885,"972 Joseph Knolls
West Randy, TX 72568",N,miles
477,Amanda Nguyen,030-51-6671,"820 Fernandez Pine
Pettyberg, CO 78840",N,miles
478,David Barton,081-24-7162,"USCGC Baker
FPO AE 65498",Y,miles
479,Robin Williams,759-43-6157,"29423 Christopher Prairie Suite 620
South Courtneymouth, MS 38647",Y,miles
480,Michael Knight,672-12-7178,"79256 Cody Cove
Schultzbury, AZ 44364",Y,miles
481,Edward Garcia,883-99-0517,"736 Day Ville Apt. 529
Parksborough, NJ 18704",N,miles
482,Alexandria Higgins,644-05-3544,"00518 Diaz Mills Suite 826
West Caitlinville, PR 74844",Y,hours
483,Brittany Becker,144-62-2628,"575 Cheryl Ford Apt. 561
Lake Suzanne, NV 89300",N,hours
484,Rachel Morales,776-88-3541,"235 Castillo Trafficway Suite 414
Amandaport, NM 56334",Y,miles
485,Melinda Booth,767-99-0800,"63441 Jacob Inlet
South Garymouth, AZ 09040",Y,hours
486,Brian Moore,600-08-0075,"5035 Rodney Parks
East Virginia, OH 98413",Y,miles
487,Matthew Anderson,238-10-2648,"40617 Sandoval Lodge
Allenhaven, NY 06170",Y,hours
488,Brian Bailey,788-52-3386,"8148 Harris Skyway
Perryfurt, AR 87709",N,hours
489,Zachary Montes,547-86-7826,"511 Davis Route
New Laurietown, AZ 25800",N,hours
490,Trevor Miller,566-82-2771,"983 Brown Drive Apt. 187
Lake Sean, TN 13565",N,miles
491,Don Lucas,608-67-4324,"9588 Hall Port Suite 958
New Roberthaven, VA 37459",N,hours
492,Kayla Shah,351-50-8182,"11345 Robert Plaza Suite 734
Lake Kevinmouth, MD 96809",N,hours
493,Jesus Walker,553-80-0336,"2158 Herrera Grove Suite 888
West Davidville, KY 35269",Y,hours
494,Emma Rios,894-83-1497,"00794 Alejandro Ports
North Danielmouth, CT 55556",N,hours
495,Michelle Allison,756-75-6784,"621 Wallace Summit
Phillipsborough, ME 68446",N,hours
496,Troy Ramos,726-08-1262,"5420 Garcia Spring
New Briannafort, NC 73957",Y,hours
497,Ricky Jimenez,069-11-9224,"61160 Branch Grove Suite 770
North Charlesberg, WA 23154",Y,miles
498,Tonya Jackson,072-95-8201,"34306 Barry Summit
Carrillomouth, UT 48034",Y,hours
499,April Brewer,717-89-0848,"32017 Victoria Spurs Apt. 570
New Courtney, AR 29320",N,miles
500,Russell Fletcher,870-06-1183,"894 White Stravenue Suite 624
Danielport, HI 56642",Y,hours
501,Daniel Frazier,891-26-1429,"55407 Cynthia River
South Joshua, SD 43313",N,hours
502,Ariel Gibson,452-61-9593,"68039 Cook Streets
Andrewstad, VI 44376",Y,hours
503,Angelica Cunningham,288-03-2101,"113 Jessica Square Apt. 828
East Anthonybury, WV 02312",N,hours
504,Natasha James,780-37-2695,"0442 Jensen Meadow
Lorimouth, MD 82383",N,hours
505,Gary Mack,765-47-2188,"658 Jessica Turnpike
West Amandamouth, VT 83873",Y,miles
506,Susan Carr,227-61-5921,"97931 Chan Rapids Suite 529
Porterburgh, IA 47318",Y,miles
507,Jennifer Morgan,669-39-6865,"713 Natalie Fall Suite 593
Heatherborough, OH 25584",N,miles
508,Brittany Reed,487-18-4932,"Unit 7176 Box 4819
DPO AE 58853",Y,hours
509,Debbie Marks,414-21-8789,"72516 Keith Trafficway Apt. 387
Julieton, DC 37932",Y,hours
510,Antonio Powell,415-04-2572,"664 Nielsen Ferry
Webertown, MA 44724",N,miles
511,Michael Silva,530-30-4142,"64270 Mikayla Corner
Lake Vanessafurt, TN 89001",N,hours
512,Crystal White,130-41-2096,"USS Palmer
FPO AE 90507",Y,hours
513,Francisco Dean,039-58-8671,"1634 Freeman Estates Suite 133
New Taraview, DC 78914",N,hours
514,Kimberly Davidson,673-74-8612,"3483 Wilson Plaza
New Thomashaven, MI 35892",Y,hours
515,Michelle Weaver,683-15-6605,"Unit 2729 Box 2708
DPO AE 45085",Y,hours
516,Scott Hughes,807-97-0741,"64017 Robert Rest Suite 008
Patrickside, PW 42181",Y,miles
517,Wanda Clark,437-38-4339,"USNS Lewis
FPO AP 45081",Y,hours
518,Jamie Bryant,628-21-4193,"963 Hunt Forest Suite 244
Mitchellberg, IA 63231",N,miles
519,Michelle Becker,069-35-7899,"21820 Ashley Harbor
Lancemouth, SC 75531",Y,miles
520,Matthew Young,712-13-8215,"50266 Maria Loop Suite 086
Cynthiaside, ND 87090",Y,hours
521,Kimberly Hill,568-97-4020,"55745 Martinez Rue Apt. 315
Johnsonmouth, IA 94130",Y,miles
522,Joshua Parker,506-55-6937,"29545 Tammy Lane
Murphyburgh, MI 30156",N,miles
523,Dawn Montgomery,787-05-9369,"83400 Byrd Drives Suite 519
Ronaldfurt, NJ 36994",Y,hours
524,Jennifer Griffin,379-09-2102,"6858 Katrina Run
Kelleybury, MO 34537",Y,miles
525,William Dunn,657-42-5581,"7194 Lynch Prairie Suite 122
Jamesville, CO 82876",Y,hours
526,David Mcintosh,444-19-5168,"188 Cortez Inlet
West Joseph, GU 58978",N,miles
527,Tracy Carlson,097-64-7574,"2643 Wanda Mission
Port Russell, RI 22731",N,hours
528,Matthew Haynes,419-86-5604,"939 Waters Common
Lake Amy, IN 13898",Y,hours
529,James Morales,228-50-1994,"01749 Melissa Lodge Suite 005
Lake Chadview, MN 91336",N,hours
530,Mr. Craig Clark,178-82-4229,"93216 Manuel Roads
Allenborough, CA 37632",N,miles
531,Jasmine Johnson,061-94-7521,"0593 James Station
New Charles, AZ 02015",Y,hours
532,Vanessa Harrell,849-35-2272,"5200 Graham Bridge Suite 845
East Leroyport, MN 52186",N,miles
533,Robert Torres,394-89-5970,"2008 Cathy Vista
Briannatown, HI 21310",N,miles
534,Brandy Fisher,142-88-5573,"620 Hendricks Manor
West Matthew, VT 58932",Y,hours
535,Andrew Hunter,855-69-1628,"7363 Joshua Causeway
Edwardberg, VA 01607",N,hours
536,Karl Ryan,121-19-5559,"412 Schmidt Pass Apt. 059
South Morganmouth, OR 45331",N,hours
537,Jacqueline Thomas,818-32-9620,"43047 Williams Points Suite 709
Stevensport, SD 66266",N,hours
538,Raymond Wallace,042-79-1988,"USS Wagner
FPO AP 72998",N,hours
539,Andre Kramer,209-64-0959,"2976 Courtney Centers Apt. 863
Ericbury, NJ 63238",N,hours
540,Ashley Lee,172-65-7064,"0586 Evan Village Apt. 842
South Martin, MD 20745",N,hours
541,Robert Hall,020-47-1689,"PSC 8562, Box 1750
APO AE 54634",N,hours
542,Dawn Davis,881-99-4989,"82430 Lewis Bypass Apt. 048
Dawnport, MA 36795",Y,miles
543,Crystal Bonilla,530-28-5966,"5450 Thornton Mews
Lake Melanie, HI 34174",N,miles
544,Jared Wilson,154-38-9062,"3104 John Expressway
Riveraburgh, MO 41150",Y,hours
545,David Obrien,024-19-8971,"71758 Santana Oval
Fordville, IA 61809",Y,miles
546,Jeremy George,254-09-4429,"PSC 4171, Box 2246
APO AE 86910",Y,miles
547,Rachel Ryan,305-25-0979,"307 Lori Village Apt. 238
East Sheilafort, WY 29163",Y,hours
548,Julie Garcia,458-81-7444,"USNV Hansen
FPO AA 52413",N,miles
549,Lisa Randall,199-43-1303,"51231 Klein Avenue
Lake Anthony, IA 31963",Y,hours
550,Shelia Mason,785-29-7483,"1590 Makayla Estate Suite 660
Underwoodside, NC 21836",N,hours
551,Randy Cox,538-44-9633,"8275 Jessica Center Suite 598
South Timothy, AZ 45580",Y,miles
552,James Murray,250-62-0818,"Unit 9322 Box 2171
DPO AA 96627",Y,hours
553,Amy Watson,399-23-6311,"269 Brent Prairie
Lopezchester, IN 42979",Y,miles
554,Deborah Rice,862-85-2687,"953 Stephen Brooks Suite 041
Jenniferbury, VA 99437",N,hours
555,Regina Terry,637-70-9199,"3044 Graham Green
Hughesbury, TN 10780",N,miles
556,Leslie Powers,059-82-2715,"0090 Fitzpatrick Unions
West Angela, MI 11686",Y,miles
557,Logan Bartlett,833-51-3802,"Unit 4201 Box 1262
DPO AP 51699",Y,miles
558,John Johnson,223-30-8301,"5701 Moody Fork
Suttonview, VT 78139",N,hours
559,Stephen Moreno,345-81-4501,"293 Kristin Lights Suite 759
Maldonadobury, ND 56062",N,miles
560,Johnny Brown,218-94-7656,"412 Shepherd Crossing
Moralesmouth, CA 13042",N,miles
561,Robert Winters,463-79-9396,"66593 Matthew Forest Suite 963
Gibsonmouth, SD 70751",N,miles
562,Brian Schultz,329-03-2717,"9913 Felicia River Suite 951
East Joshuahaven, RI 34942",N,miles
563,Andrew Randall,202-78-6468,"658 Wade Springs Apt. 812
New John, OH 15863",N,miles
564,Cassandra Houston,635-81-2454,"3072 Erin Fords Suite 306
New Leah, TX 82398",Y,hours
565,Andrea Pittman,233-70-9601,"2268 Smith Tunnel
South Pamelaland, UT 63638",N,hours
566,Kelly Wang,132-06-6950,"887 Adam View
New Georgeport, VA 49096",N,miles
567,Joel Soto,687-02-6692,"16749 Katherine Port
New Jim, MA 54688",N,miles
568,Donna Parker,709-99-4301,"7704 Pruitt Trail
North Melissamouth, AS 29470",N,miles
569,Kelsey White,131-38-6020,"5881 Owens Courts
East Sara, KY 91894",N,hours
570,Erica Alvarez,083-14-6876,"5730 Wells Curve
Lake Eric, AS 69335",Y,miles
571,Henry Orozco,519-92-3292,"9955 Melinda Gardens Apt. 095
New Brittany, AK 30630",N,miles
572,Frank Simpson,668-13-0339,"0240 Holland Burg Suite 136
Ashleyfort, CT 25971",N,hours
573,Julie Hodges,719-26-4233,"USNV Robinson
FPO AP 44287",N,miles
574,Henry Dixon,839-27-7944,"61415 Munoz Inlet
Jamesland, NC 22212",Y,hours
575,Derrick Fischer,373-17-7700,"USNV Herrera
FPO AP 88546",N,miles
576,Shelby Johnson,354-17-1519,"1472 Eric Fork Apt. 822
Dixonton, DC 29433",Y,hours
577,Nicholas Collins,618-33-1686,"79911 Jacob Village Apt. 891
South Mary, HI 68560",N,hours
578,Sharon Mccoy,647-93-4812,"8294 Charles Locks Suite 874
Port Michaeltown, VI 09033",N,miles
579,Miss Stephanie Martin,487-09-3718,"21203 Catherine Spurs
East Angela, FL 96815",Y,hours
580,Jacqueline Jackson,834-26-3729,"678 Tony Fields Suite 132
Eddiemouth, TX 98931",N,miles
581,Marissa Duran,081-24-9950,"19087 Kimberly Landing Apt. 765
Clineside, WV 14189",N,hours
582,Leslie Ortiz,382-87-2222,"9234 Bradley Unions
Laurenview, MS 57779",N,hours
583,Mr. Aaron Waller,193-81-5887,"18919 Molly Coves Suite 930
Browningmouth, IN 81031",Y,hours
584,Antonio Stokes,452-22-8938,"24682 Ryan Vista
New Brianville, AS 27740",N,hours
585,Shane Flores,856-78-7201,"25474 Clark Mission Suite 388
Woodport, NH 27111",N,miles
586,Timothy Marsh,467-42-4095,"6997 Chad Walks Suite 087
New Zacharyport, IA 39673",Y,miles
587,Thomas Watkins,532-69-4695,"2353 Harris Tunnel
Port Reginaldmouth, LA 05143",Y,miles
588,Natasha Pacheco,043-72-3632,"Unit 0866 Box 8690
DPO AA 60930",Y,hours
589,Donald Wiley,506-25-1859,"7547 Pamela Shoals
New Ginachester, AK 85767",Y,hours
590,Margaret Lawson,362-77-3669,"760 Downs Tunnel
Port Katherine, NV 37522",N,miles
591,Melissa Frazier,624-22-9682,"0774 Krystal Turnpike
Rivasstad, VI 36621",N,miles
592,Denise Simpson,815-29-5781,"885 Jason Spurs
Lake Michaelborough, SD 61982",N,hours
593,Randall Allen,713-76-9323,"153 Keith Rapid Apt. 392
Pageland, NV 10170",N,miles
594,Tiffany Moyer,658-96-6718,"7623 Thornton Meadows Suite 619
Youngburgh, PR 96417",Y,hours
595,Toni Dunn,880-34-7400,"37665 Amber Road Suite 657
Marthaland, GU 75414",N,miles
596,Jeffrey Paul,455-61-1364,"PSC 9856, Box 2619
APO AA 90392",N,miles
597,Alexis Bates,214-08-6826,"1550 Chen Locks
South Tylerfurt, PR 58290",Y,miles
598,Ryan Harrison,632-58-7138,"7610 Calvin Fall Apt. 611
Contrerasfort, FM 49576",Y,hours
599,James Garcia,623-39-7533,"50801 Powell Land
West Charleshaven, GA 28125",Y,miles
600,Thomas Johnson,645-84-0078,"Unit 3483 Box 0754
DPO AA 91233",Y,hours
601,Connor Garrison,580-78-5151,"4155 Amanda Roads
Aaronfort, NJ 70760",Y,hours
602,Jeremy Gonzales,350-20-7997,"58389 Suzanne Avenue Apt. 696
East Aaron, ME 21754",Y,miles
603,Jeffrey James,261-19-3100,"631 Saunders Drive
Millerberg, SD 68347",Y,miles
604,Jade Robinson,840-29-4822,"96791 Amy Lights Suite 119
Lake Jameston, IL 12035",Y,hours
605,Ricardo Harris,072-07-5975,"92775 Fitzgerald Plain Suite 903
West Suzannefurt, ME 39269",Y,hours
606,John Bell,798-85-6100,"403 Webb Union Apt. 962
South Bobbyborough, GA 13517",N,miles
607,Aaron Cruz,486-87-8540,"547 Gonzalez Crescent
Stephanieland, MN 16379",Y,miles
608,Timothy Ramirez,576-14-8314,"23400 Alex Hills Apt. 568
South Peterborough, CA 83617",Y,hours
609,Sarah Turner,194-15-2147,"786 Virginia Common
Jonesfort, PR 45535",N,hours
610,Gary Fry,062-39-4374,"312 Clark Burgs Suite 508
Porterville, MH 53698",Y,hours
611,Tracy Burke,433-11-1295,"43234 Sara Fords
Paulhaven, AZ 06291",N,miles
612,Isabella Mendez,306-41-2509,"5162 Brad Common Apt. 547
Kellyland, WA 65856",N,hours
613,Andrea Mcconnell,395-07-1911,"339 Marshall Mills
Vanessastad, VT 18385",Y,miles
614,Joshua Russell,735-85-9198,"87544 Li Garden Apt. 711
North Jerryfurt, VI 91827",N,miles
615,Ricky Rangel,353-85-9907,"97726 Grant Islands Suite 395
West Ryan, VA 97989",N,miles
616,Russell Taylor,629-19-2496,"3966 Donald Tunnel
Lake Jackieland, AL 52211",Y,miles
617,Veronica Parker,824-94-2529,"95336 Brian Parkways
Lechester, ME 22281",Y,hours
618,Isaac Chapman,736-51-6358,"9874 Jones Spur
South Clairestad, NE 20236",N,hours
619,Benjamin Vazquez,080-78-5210,"1846 Robert Mall
Mckeemouth, IL 03646",Y,hours
620,Michael Rodriguez,162-21-7888,"378 Jeremiah Common Apt. 404
East Michaelfort, WV 37756",N,miles
621,Kimberly Hodges,080-40-8498,"2424 Pamela Trafficway
Grayside, MA 12505",N,miles
622,Nicholas Hale,161-95-6503,"317 Brian Harbor
South Brandyfort, GU 91151",N,miles
623,Sherry Malone,410-23-3414,"7405 Brittany Motorway Apt. 245
East Denisemouth, GU 36560",Y,hours
624,Sabrina Lambert,201-58-7539,"Unit 3640 Box 0099
DPO AE 73093",N,miles
625,Marie Barry,112-01-8397,"31416 Joshua Inlet Apt. 351
Port Jessica, MH 16362",N,miles
626,Kenneth Smith,143-75-7499,"530 Larry Burg
Laneborough, NY 92792",N,hours
627,Dr. Tracy Morales,084-25-1360,"USCGC Benson
FPO AE 91287",Y,miles
628,Julia Richards,742-34-5512,"8122 William Track
Port Edwardfurt, NY 29939",N,hours
629,Larry Simpson,724-97-7973,"277 Elizabeth Turnpike
Hubbardmouth, IL 18083",Y,hours
630,Jesus Martin,524-88-0898,"617 Carla Squares
South Melissa, DC 19271",N,hours
631,Nathan Best,567-43-7135,"7682 Hill Station
Williambury, KY 17284",Y,hours
632,Karen Green,252-54-0306,"9243 Johnson Summit
West Morgan, IL 34644",N,miles
633,Cody Henderson,683-01-1275,"683 Anthony Views
West Meganhaven, KY 20912",Y,miles
634,Jacqueline Choi,716-91-7327,"3840 Jones Turnpike
East Evelyn, LA 35014",Y,hours
635,Kimberly Smith,794-62-9830,"2419 Christina Rapid
Davidmouth, MA 58032",N,miles
636,David Evans,443-98-9327,"USS Adkins
FPO AE 31428",N,miles
637,Kelly Fisher,874-54-1003,"61351 Zachary Landing
Christopherburgh, MS 88676",Y,miles
638,John Campos,574-62-4581,"150 Chapman Roads
East Justinside, SC 38698",N,miles
639,Jack Moore,015-97-8302,"015 Brooks Drives Apt. 965
New Michelle, GA 35348",N,miles
640,Shelley Hayes,877-90-3560,"69117 Jenkins Trail
East Christopher, PR 93221",N,hours
641,Jessica Kirby,297-67-8925,"14404 Chavez Hill
South Claytonfurt, AS 72534",Y,miles
642,Rebecca Gibbs,093-13-9615,"8949 Smith Meadows Apt. 424
Orrshire, WV 07611",N,hours
643,Alan Thornton,362-54-2381,"5910 Ronald Alley
Lake Joel, MH 49323",N,miles
644,Susan Anderson,296-51-0730,"40638 Moore Trafficway
North Brandon, MI 07996",Y,hours
645,Kenneth Graham,653-38-7998,"83316 Weaver Cliff
Georgetown, IN 42775",Y,miles
646,Courtney Silva,140-20-0065,"4008 Lee Haven
West Rachel, UT 00765",N,miles
647,Bryce Clayton,407-12-0742,"2737 Little Pines
Laurenchester, IL 98379",N,hours
648,Frederick Davidson,610-90-3145,"288 Nash Turnpike
Stephensonville, WY 89550",N,miles
649,Diane Stone,193-09-7291,"9057 Brad Throughway
East Randall, OR 14122",N,hours
650,Alison White,206-87-6748,"282 Robert Shores
West Charles, MA 85164",Y,hours
651,Jason Ferguson,023-52-3886,"925 Joanna Lodge Suite 403
Danielberg, MH 89199",N,hours
652,Lisa Singh,702-10-3954,"84837 Smith Junctions Apt. 775
Rachelton, MT 12302",Y,miles
653,Katelyn Hall,789-34-6023,"024 Porter Trail
East Robertberg, PA 44701",Y,miles
654,Laura Duran,255-57-5463,"2458 Joshua Crest
East Lisatown, TX 68459",Y,miles
655,Jennifer Rocha,099-16-7080,"762 Vaughn Plaza Suite 166
Lake Thomasberg, UT 93459",Y,miles
656,Jody Matthews,222-24-5943,"1665 Erickson Light Suite 386
New Nathan, IN 44733",N,hours
657,Sierra Hale,293-74-5466,"928 Michael Port
Millershire, GU 18595",N,miles
658,Austin Clark,440-02-7976,"4562 Ryan Courts
East Marymouth, MP 76619",Y,hours
659,John Green,878-82-9278,"Unit 6376 Box 4106
DPO AE 90696",N,miles
660,Kevin Russell,151-44-3361,"Unit 4154 Box 2264
DPO AE 91538",N,hours
661,Brooke Young,474-77-5476,"8896 Jay Trail Suite 788
Millerchester, NY 15512",N,miles
662,Phillip Moore,694-37-3776,"630 Hunter Pike Apt. 028
Russellbury, WY 81256",N,hours
663,Sherri Nelson,056-70-8613,"851 Deborah Viaduct
North Nicholas, UT 38007",N,hours
664,Danny Hill,046-69-8678,"474 Thompson Pike Apt. 414
Hollyfurt, PA 32275",Y,hours
665,Stephanie York,696-31-7810,"3711 Tamara Expressway Apt. 284
Michaeltown, IL 78308",N,hours
666,Danny Brown,414-04-3695,"532 Ball Locks
West Tiffany, PR 62855",Y,hours
667,Andrew Harris MD,880-08-5234,"2992 Peters Plaza Apt. 578
Holdenmouth, MH 06557",Y,miles
668,Charles Baker,089-24-7674,"163 Peterson Ports Apt. 681
West Markfurt, NM 91140",N,hours
669,Laura Williams,449-05-7810,"454 Torres Club
Williamsmouth, ID 62167",N,hours
670,Jorge Brock,484-20-9456,"642 Quinn River Apt. 687
East Jenniferborough, CT 97428",N,hours
671,Martha Richardson,811-89-0887,"016 Ronnie Vista
West Yolanda, NC 10386",Y,miles
672,Ian Elliott,511-24-1509,"539 John Mission
East Tanya, PA 54330",N,hours
673,Angelica Turner,312-32-4933,"0241 Donald Fort
Thomasstad, LA 87839",Y,hours
674,David Hughes,028-47-3522,"31757 Jeremy Springs Apt. 887
Sarahville, GA 93540",N,hours
675,Caleb Reynolds,284-01-7619,"523 Jonathan Station
Grahamshire, CT 39020",Y,hours
676,Gabriel Clayton,640-76-6627,"7777 Robert Corners Apt. 127
South Anthony, MO 18783",N,miles
677,Jade Morales,793-67-9603,"099 Bradley Dale
West Samuelstad, PA 65191",Y,hours
678,Mrs. Stephanie Kramer,370-09-7899,"4815 House Ford
Lake Caitlin, CT 86934",Y,hours
679,Michael Young,603-81-2273,"727 Suzanne Circles
Flemingborough, AL 45933",N,hours
680,Kenneth Mckinney,373-83-4369,"4619 Davis Junction Apt. 963
Davidton, GU 72518",N,miles
681,Russell Benitez,649-50-9309,"19097 Pamela Cliffs
Dianabury, CA 77700",N,miles
682,Jonathan Santana,143-92-7141,"PSC 3565, Box 5746
APO AE 02951",Y,miles
683,Holly Gibson,088-33-6971,"Unit 4446 Box 3350
DPO AP 61618",Y,miles
684,Michael Adams,802-43-5596,"589 Julia Meadows Apt. 583
South Matthew, AK 70456",Y,miles
685,Nina Jacobson,671-10-0901,"208 Michael Park Suite 453
West Sarahport, MN 25916",Y,hours
686,David Escobar,763-43-3530,"73359 Espinoza Squares
South Williamland, AK 68288",N,miles
687,John Wilson,074-75-5497,"0439 Annette Locks
Ryanbury, MN 28055",Y,miles
688,Jennifer Ellis,292-34-4119,"168 Andrew Points Suite 448
Port Patriciastad, TX 74652",Y,miles
689,Mary Reynolds,588-92-0172,"737 Kimberly Path
Gregoryburgh, VT 08097",N,miles
690,Emily Sanders,188-50-4327,"66290 Molly Shoal
Lake Daniel, NJ 06220",N,hours
691,Megan Patrick,440-01-6095,"25364 Johnson Hollow
Seanstad, PR 79422",N,miles
692,Dean Graham,456-43-6643,"9672 Ryan Port Suite 103
East Carlos, AK 65854",Y,hours
693,Mrs. Brenda Lane,084-92-2209,"288 Lauren Ways
West Whitneyburgh, ID 35070",N,miles
694,Shane West,774-33-6291,"10966 Rios Ridge
Fordville, ID 25592",Y,miles
695,Ashley Nguyen,057-43-4703,"220 Jennifer Trace
Salasborough, GA 84383",Y,hours
696,Tim Harris,027-07-7395,"99975 Lopez Ridges
Port Stephaniebury, NE 26587",Y,miles
697,Douglas Mcdonald,014-37-4472,"49012 Garrett Forges Suite 967
West Shannonburgh, VT 85374",Y,hours
698,Robert Morris,689-78-1195,"64966 John Expressway Apt. 885
South Omarside, FL 83109",N,miles
699,Victoria Robinson,580-09-3311,"PSC 8050, Box 6393
APO AE 15868",N,hours
700,Ashley Wilson,664-17-3710,"Unit 2271 Box 0758
DPO AP 48854",Y,miles
701,Donna Moore,122-34-0526,"3440 Bruce Underpass Apt. 690
Lake Jasonmouth, NC 99829",Y,hours
702,Elizabeth Lloyd,343-02-4492,"53155 Timothy Harbor Suite 739
Guzmanchester, AL 01297",N,miles
703,Lisa Lozano,491-53-2556,"7550 Vanessa Avenue
Hudsonfort, LA 53886",N,hours
704,Carrie Hardy,110-37-4274,"902 Brown Springs Suite 085
New Markville, ID 22612",N,miles
705,Gordon Burns,794-07-5389,"13907 Nicholas Mount
North Tami, RI 65623",N,miles
706,Chase Alexander,839-03-5626,"Unit 1744 Box 6913
DPO AP 27755",N,miles
707,Anita Walker,188-87-0461,"415 Megan Mission Apt. 769
Davishaven, NE 77450",Y,miles
708,Lance King,058-12-2642,"211 Burns Ranch Apt. 478
Shaneton, ND 53222",N,miles
709,Lisa Knapp,170-95-5399,"6604 Curtis Estates Apt. 535
North Christina, IA 02563",N,miles
710,Brian Wallace,882-51-6371,"524 Reed Gardens Suite 011
Lake Kristen, MA 24058",N,hours
711,Ashley Allen,571-80-0455,"986 Harris Viaduct
Lopezland, AR 93813",N,miles
712,Holly Martinez,153-37-9993,"2229 Meadows Place Apt. 164
Margaretchester, VT 44591",Y,miles
713,Derek Rose,318-82-6027,"90567 Brianna Roads Suite 835
New Wendyshire, PW 21103",N,miles
714,Dana Esparza,352-38-8761,"Unit 9042 Box 6991
DPO AA 15031",N,hours
715,Angel Schmitt,370-89-4498,"88557 Reyes Camp
Johnsonbury, WA 08762",Y,hours
716,Craig Haynes,562-62-0471,"4176 Ryan Underpass Suite 037
Ashleyton, PW 49494",N,miles
717,Sergio Suarez,468-06-3335,"600 Torres Common Apt. 406
Maryside, AL 78838",Y,hours
718,Jesse Navarro,047-35-6371,"968 Robinson Corner Apt. 420
Hollandstad, SD 21687",N,miles
719,Alexis Davis,504-61-1973,"3418 Theresa Club Suite 828
Cohenton, KS 53120",N,hours
720,James Norris,738-71-5929,"68374 Marcus Field Apt. 296
East Kimfort, PR 14230",Y,miles
721,Lisa Gay,214-27-7880,"8098 Morris Trail
West Crystal, WI 44782",Y,hours
722,Andrea Perez,728-03-1119,"1579 Robert Pines Suite 371
Wilsonside, VT 52006",N,hours
723,David Ward,168-15-0059,"420 Phillips Lodge
Port Sherrybury, MT 22362",N,miles
724,Sara Hansen,300-61-7158,"6485 Kathleen Shore
Smithborough, HI 87298",Y,hours
725,Mark Carter,381-80-6452,"1565 Mcdonald Bridge Suite 552
South Destiny, NM 38541",N,hours
726,Logan Carrillo,082-06-1152,"986 Michael Cove Apt. 972
Ericksonshire, NH 12522",N,miles
727,David Johnson,392-70-8380,"PSC 4297, Box 6686
APO AP 79832",Y,hours
728,Michael Erickson,360-23-8165,"094 Christopher Fall
New Kiara, SD 88990",Y,hours
729,Katie Meyer,242-72-6152,"5466 Aimee Mills
Port Sethbury, AR 57220",Y,hours
730,Melissa Daniel,766-09-6667,"012 Katelyn Cove
Dianaburgh, MA 20575",N,miles
731,April Powell,060-07-4109,"051 Joseph Run
Lake Kevinberg, MI 74225",N,miles
732,James Vasquez,475-21-5779,"71371 Jill Mountains Suite 653
North Joseph, TN 90375",Y,hours
733,Kenneth Jackson,379-27-8540,"767 Tina Junction
South Melanieton, GU 50922",N,miles
734,Leslie Walker,867-17-7760,"PSC 0524, Box 1232
APO AE 47018",Y,miles
735,Terry Stewart,852-19-0418,"00438 Antonio Crest
Brandonmouth, IN 04320",Y,miles
736,Holly Rodriguez,426-36-1126,"553 Melissa Vista Apt. 890
Stevenside, NC 24315",N,miles
737,Elizabeth Horn,805-99-1755,"816 Ryan Viaduct Suite 704
Lake Josephstad, MO 69319",N,miles
738,Amy Moore,600-14-9591,"85452 Lewis Rapid
West Karen, FM 27907",Y,hours
739,Matthew Thompson,625-80-3293,"77895 Garza Track
West Laurie, MP 50236",N,miles
740,Angela Howell,163-41-4349,"3061 David Divide
Lake Sarahtown, ME 47019",Y,hours
741,Alexander Dunn,683-81-3565,"689 Jessica Expressway
Lake Jessica, IN 26879",Y,miles
742,Connie Kramer,765-39-2624,"PSC 7689, Box 4317
APO AA 51997",N,hours
743,Sabrina Ramos,071-77-2431,"2165 Daniel Falls Apt. 683
East Angelaburgh, MP 92274",N,miles
744,Lee Davis,756-56-1612,"61733 Miller Common
Lindaview, KY 56860",N,hours
745,Kelsey Allen,649-06-0292,"767 Richardson Flats Apt. 614
Lake Mikayla, AR 45389",Y,miles
746,Paul Freeman,044-63-4365,"18222 Ashley Extensions
East Elijahberg, NJ 30347",N,miles
747,Lacey Lucero,212-34-3088,"3667 Patricia Spring Suite 991
North Lukechester, IN 37932",Y,miles
748,Patrick Gonzales,641-41-4238,"92658 Kelly Ford Apt. 063
Port Todd, CT 89043",Y,miles
749,David Marquez,355-47-0583,"37027 Shah Fort
Khanmouth, UT 65106",N,hours
750,Madison Soto,129-45-0166,"7690 Carter Street
Matthewview, IN 20584",N,hours
751,Raymond Thomas,447-36-7277,"2376 John Island
Johnberg, MA 04689",Y,miles
752,Michael Maldonado,730-93-3640,"22434 Gonzales Avenue Suite 835
New Scott, AS 99330",N,miles
753,Robert Evans DVM,056-88-4474,"83513 Mcgrath Bridge Apt. 897
South Debra, WA 86567",N,hours
754,Teresa Wang,524-57-8580,"361 Brian Common Suite 410
West Williamfurt, IL 12181",Y,miles
755,Monique Blake,021-44-5249,"4982 Christy Stream
Meganstad, IL 41162",Y,hours
756,Tiffany Snyder,443-11-3518,"USNS Thompson
FPO AP 23485",Y,miles
757,Margaret Smith,843-31-1937,"468 Mark Corners Suite 870
Jeffreyside, WA 69541",Y,miles
758,Karen Keller,742-69-8731,"1432 Jennifer Burg Suite 213
Wellsmouth, KS 94387",Y,hours
759,Michael Juarez,458-62-6114,"0134 Steve Rest
North Gail, WI 46391",Y,hours
760,Colin Garcia,030-70-3438,"PSC 9094, Box 7002
APO AP 91488",Y,miles
761,Crystal Brown,601-98-3640,"8777 Vincent Vista
North Lorihaven, PA 34193",N,miles
762,Andrew Wilson,589-33-5740,"351 Cheryl Forest Apt. 351
Port Christopher, NC 61082",N,hours
763,Brian Kramer,634-02-3647,"USNS Richards
FPO AA 64419",Y,miles
764,Jason Pierce,887-19-7063,"35555 Gonzalez Manor Suite 454
West Nicole, MD 89590",Y,hours
765,Amanda Anderson,831-86-5842,"471 Jeff Spurs Suite 266
Maloneshire, AZ 38820",Y,miles
766,William Freeman,310-50-2906,"11222 Hall Mission Suite 017
Wellsstad, AS 43637",Y,hours
767,Stephen Woodard,716-46-9124,"991 Jessica Mills Suite 134
Olsonville, MH 48865",N,miles
768,Diane Perry,859-80-0668,"3569 Walsh Plaza Apt. 516
North Douglasview, IN 23293",Y,miles
769,Michael Wilson,385-14-0338,"432 Eric Flats Apt. 355
Maldonadoborough, MI 80348",Y,miles
770,Jasmine Duncan,571-45-6415,"08804 Perkins Common Suite 784
Kylefurt, IN 67493",Y,hours
771,Christopher Williams,315-67-8327,"1637 Jay Mountain Apt. 141
Port Chelseyland, NV 54933",Y,miles
772,Kimberly Potts,533-87-4776,"Unit 9170 Box 3633
DPO AP 73977",N,hours
773,Kelly Nichols,348-85-3519,"4430 Smith Groves
Rossburgh, TN 26919",Y,hours
774,Robert Evans,690-89-4742,"3073 Carlos Crescent Apt. 000
Port Tiffanyside, IA 80341",N,miles
775,Megan Sutton,750-26-9471,"77837 Sylvia Terrace
Matthewhaven, WV 68631",Y,hours
776,Dylan Castillo,696-10-4885,"PSC 4304, Box 4031
APO AP 60542",N,miles
777,Douglas Bailey,738-11-8048,"USNV Dawson
FPO AE 22628",N,miles
778,Joseph Wagner,811-31-3457,"9866 Jonathan Union Suite 781
Joneshaven, VI 43353",N,miles
779,Michael Gardner,271-32-3155,"335 Jeremy Manors
East Hayleyborough, PA 98636",Y,hours
780,Jessica Mooney PhD,394-19-6577,"209 Davis Motorway Apt. 607
Port Garyland, PR 88349",N,hours
781,Sabrina Young,056-60-2783,"PSC 9513, Box 2341
APO AA 60099",Y,miles
782,Kelly Cohen,613-83-8819,"8897 Perez Mountain Apt. 979
Strongland, VI 04985",N,miles
783,Jennifer Jordan,695-79-1440,"USS Allen
FPO AA 09125",Y,miles
784,Timothy Arroyo,712-85-8294,"089 Grant Oval
South Andrewport, KY 99795",N,hours
785,Erika Andrade,226-73-1700,"958 Nancy Island Suite 454
Lucasberg, SC 58670",Y,hours
786,Nancy Ortiz,832-23-7200,"392 Anna Ridges
Lake Alan, PW 59754",N,hours
787,John Fletcher,816-88-3365,"733 Angela Squares
North Sara, WI 02019",Y,miles
788,Adam Harris,304-06-7970,"5371 Ryan Street Apt. 518
Roberttown, RI 93469",N,hours
789,Mitchell Perkins,882-90-3317,"120 Emily Pines Suite 708
Wrightbury, MA 03123",N,miles
790,Amy Scott,279-25-8627,"56347 Martinez Corner Suite 400
Port Julianborough, ME 85565",Y,hours
791,Margaret Garcia,231-89-7101,"86211 Gutierrez Shoals Apt. 690
New Barbaraburgh, DE 77426",Y,miles
792,Justin Wade,505-96-3152,"263 Gallegos Shores
West Danielfurt, SC 06149",Y,hours
793,Christine Green,655-28-5552,"9341 Garcia Cove Apt. 187
Haileychester, ID 86204",Y,miles
794,Pamela Burgess,067-92-8824,"4243 Pineda Greens Apt. 792
Port Michael, MS 82993",N,hours
795,Ellen Contreras,338-81-0281,"25358 Ethan Ferry
Andreahaven, FM 00940",N,miles
796,Jessica Parrish,475-82-1398,"8578 Olson Path
Knoxton, LA 45162",Y,hours
797,Linda Berry,047-47-0879,"9973 Kirk Rue
East Timothy, MH 52417",N,miles
798,Kelly Patel,550-23-3568,"97640 Shaun Park
Kathleenton, VA 76429",Y,hours
799,Sharon Lopez,766-85-2660,"4888 Santos Harbor Suite 492
Lake Joshua, NM 78708",N,hours
800,Eric Allen,704-53-3964,"82185 Kenneth Falls Apt. 995
Sandersshire, VA 42159",N,miles
801,Samuel Thompson,527-67-1604,"03399 Lauren Bypass Apt. 667
Wesleyside, MN 41363",Y,miles
802,Angel Patterson,895-37-9464,"4299 Mccormick Station Suite 339
West Jamie, CT 21390",N,hours
803,Eduardo Wright II,302-68-9438,"13532 Clark Ville Suite 406
Williamborough, LA 11158",Y,hours
804,James Jones,019-62-5377,"13903 James Trace Suite 870
Hernandezmouth, MA 29468",Y,hours
805,Jeffrey Serrano II,326-23-3256,"0993 Cruz Mountain Apt. 919
East Sergioport, FL 88067",N,hours
806,Jillian Jacobson,137-17-5913,"079 Brenda Mountain Suite 986
East Richard, VA 20563",N,miles
807,Michael Williams,328-90-3614,"706 Stevenson Fords Suite 284
Figueroashire, TN 66641",N,miles
808,Jennifer Anthony,149-17-3079,"98909 Tony Mews Apt. 384
Port Laurie, TX 44716",N,hours
809,Anna Hammond,093-23-8455,"711 Ashley Falls Suite 509
Codyfurt, TX 81332",N,miles
810,Mark Erickson,290-37-7472,"92477 Carr Well
Martinezton, TX 01630",Y,miles
811,Samuel Silva,020-52-4867,"5878 Kevin Mount Apt. 831
Wesleyville, IL 39837",N,miles
812,Christina Rice,014-13-2509,"18184 Steven River
Port Sarahfort, FM 46964",Y,miles
813,Jimmy Martinez,213-85-3655,"2021 Steven Isle Apt. 076
Chaseberg, KY 48658",Y,miles
814,Mason Patrick,101-94-8262,"784 Anthony Squares
Robertsonfort, AK 88630",Y,hours
815,Terry Gamble,611-42-5565,"58164 Daniel Landing Suite 268
West Vickiview, AS 48582",Y,hours
816,Kelly Gibbs,393-57-0268,"239 Hill Brook Suite 888
Benjaminbury, OH 11349",Y,miles
817,Victor Robinson,046-59-0546,"90380 Caroline Dam Suite 401
Zacharyland, ND 20728",Y,hours
818,Tamara Bond,842-56-4396,"66534 Robert Harbor
Wallburgh, CT 84545",N,hours
819,Julie Peterson,005-13-8506,"12453 Norton Lake
Lake Connie, AS 33784",Y,hours
820,Carla Choi,751-72-4178,"846 Jessica Coves
Manningberg, NH 38794",N,miles
821,Monica Mclean,899-77-1285,"755 Barber Glens
South Jamesberg, WY 06617",N,miles
822,George Ross,646-10-7884,"277 Allen Estates
Alanshire, PW 83805",Y,miles
823,Pamela Smith,795-29-0148,"USNS Williams
FPO AA 81862",Y,miles
824,Clarence Campos,568-45-5580,"01464 Nancy Roads Suite 608
Lake William, NY 22144",N,hours
825,Nancy Santos,038-07-6406,"556 Wells Lane Apt. 054
North Michaelhaven, AR 17712",Y,miles
826,Rhonda Frazier,788-97-7530,"184 Turner Junctions
West Christopherborough, IL 53616",Y,miles
827,Michael Wood,647-90-6636,"435 Holmes Plains
Jamesburgh, NM 10376",N,miles
828,Catherine Turner,250-29-6190,"3336 Stark Glens
Jonathanview, NE 69291",Y,miles
829,Scott Fleming,035-88-5946,"435 Reed Port Apt. 841
Stephanieborough, PR 26252",N,miles
830,George Davis,467-11-1074,"3128 Kari Spur Apt. 494
West Jerryside, CO 46897",Y,hours
831,Jacob Farmer,845-96-8958,"57712 Francis Wells
South Kenneth, WA 75171",N,miles
832,Michelle Robertson,101-58-4199,"Unit 7271 Box 6906
DPO AA 79051",N,hours
833,Janice Ward,225-66-6573,"809 Andre Crossroad
Stephanietown, DE 24574",Y,hours
834,Brandon Farrell,386-01-0272,"32528 Thomas Harbor
Johnmouth, KS 72398",Y,miles
835,Jeff Solis,592-78-8408,"19178 Christina Gateway Apt. 712
Lake Stevenberg, MA 43172",Y,hours
836,Juan Zimmerman,326-34-9612,"332 Joel Roads
Chelseaside, WY 01834",N,miles
837,Alison Bell,241-21-6274,"216 Davis Tunnel Apt. 602
West Anthonyfurt, PA 13926",Y,hours
838,Nicole Burton,480-38-6770,"349 Kimberly Stravenue Apt. 232
South Paigefurt, NJ 90443",N,miles
839,Jamie Hernandez,613-86-5633,"4590 Kara Alley
Harryburgh, GA 91578",Y,hours
840,Brett Williams,830-52-7832,"772 Joseph Springs
Elizabethmouth, FM 65037",N,miles
841,Anthony Adams,642-43-2751,"2175 Tiffany Burgs Suite 377
West Angela, AS 96144",N,miles
842,Corey Ruiz,031-29-1614,"238 Christopher Pines Suite 710
Pamelastad, GA 63791",Y,miles
843,Victor Gray,510-24-7526,"3853 Garcia Pike Suite 559
New Theresa, AK 70034",Y,miles
844,Olivia Rodriguez,266-46-6921,"11720 Christopher Lock Apt. 419
New Kelly, MP 20204",Y,miles
845,Amy Sanchez,124-62-8406,"6564 Brown Plains Apt. 119
South Marychester, MH 23022",N,hours
846,Melissa Conley,796-61-3939,"5060 Walsh Ford
Smithfurt, FM 89256",Y,hours
847,Stephanie Sparks,351-97-6812,"USNS Ward
FPO AP 49160",N,miles
848,Darlene Craig,831-18-8957,"PSC 2815, Box 1249
APO AA 21011",Y,miles
849,Thomas Williams,564-46-1302,"4211 Howard Land Apt. 699
North Victoria, CA 28863",N,miles
850,Jeffery Martinez,674-61-8231,"74149 Yoder Drives Suite 061
Scottview, NJ 34540",N,miles
851,Anita Martinez,197-16-5048,"1865 Thompson Divide
Nelsonburgh, NY 93390",N,miles
852,Tyler Brandt,263-69-5807,"86825 Moreno Hollow
Port Robert, GA 02558",Y,hours
853,Amanda Mason,825-25-4899,"32045 Johnson Mill Apt. 169
West Allison, DC 16702",N,miles
854,Joshua Brewer,521-17-5988,"904 Garrett Course
Farmerfort, NC 01051",Y,miles
855,Amanda Williams,827-26-6853,"8320 Williams Drives
Burgessville, IN 57514",N,miles
856,Austin Alexander,024-68-1112,"Unit 3889 Box 3268
DPO AE 19245",Y,hours
857,Jill Olson,428-08-8860,"13669 Smith Gateway
Andrewberg, SC 71870",N,miles
858,Kathryn Edwards,094-70-8972,"2227 Anthony Bridge Suite 776
North Andreaton, WI 12515",Y,miles
859,Brian Garcia,589-71-1536,"USNS Hancock
FPO AE 80732",Y,hours
860,Tim Lewis,306-49-5030,"508 Barker Stravenue
East Cindy, PR 60645",Y,hours
861,Kara Powell,137-06-6179,"365 Harris Inlet Apt. 780
Meadowsburgh, VI 40559",N,miles
862,Derrick Roth,457-19-7599,"5766 Adams Alley
East Raymondton, AZ 54781",Y,miles
863,Amber Williams,858-26-1033,"689 Gabriel View Apt. 231
South Clayton, PA 24420",N,miles
864,Kirk Robles,023-80-8454,"1083 Gary Trail
Yoderside, NH 90022",N,miles
865,Kimberly Jones,673-76-2709,"071 Faith Heights
North Connie, GU 55369",Y,miles
866,Jessica Martinez,325-39-8428,"PSC 9598, Box 8965
APO AA 01365",Y,miles
867,Tammie Rubio,714-73-0037,"37759 Adams Ford
Robertshire, HI 23641",N,miles
868,Derek Conner,783-82-7889,"33942 Jonathan Summit
North Kaylahaven, IA 53972",Y,hours
869,Adam Clark,487-60-3552,"36175 Adam Springs
South Dawn, TN 97850",N,miles
870,Alexander Carter,379-33-5740,"3529 Erica Square Apt. 823
Erinmouth, PA 03149",Y,miles
871,Emily Sims,031-46-9501,"30918 Carlos Garden
Donnaburgh, WI 42903",Y,miles
872,Raymond Simon,726-59-3582,"14102 Murphy Forge
Herrerahaven, FL 88817",N,hours
873,Brandy Coleman,698-82-5815,"034 John Well Suite 111
Port Renee, DE 12992",Y,miles
874,Angel Roth,107-83-7601,"PSC 9720, Box 5199
APO AP 06242",N,hours
875,Brandon Figueroa,323-72-3364,"5469 Sarah Manor
Lake Eugeneside, IA 12353",Y,miles
876,Tammy Thomas,200-53-6268,"443 Ibarra Valleys
South Ethan, NH 13647",Y,hours
877,Cindy Fernandez,151-27-7371,"9583 Hannah Summit Suite 579
Port Matthewbury, OK 74573",Y,hours
878,Michael Simpson,390-39-8365,"2490 Lopez Street
Clarkestad, MH 72301",N,miles
879,Elizabeth Rosales,080-27-3074,"PSC 1822, Box 0269
APO AP 75365",Y,hours
880,Joshua Watson,401-22-5938,"850 Shaw Mews Apt. 523
New Trevortown, MP 19879",N,miles
881,Andrew Cook,322-68-1230,"2381 Cuevas Drive Apt. 271
Nelsonfurt, AZ 84467",N,hours
882,Gabriela Myers,492-97-7344,"13684 Contreras Stravenue
Lake Shelleymouth, VI 76845",N,hours
883,Elizabeth Olson,561-09-6295,"2079 Cheryl Ranch Suite 237
Vincentfurt, MN 57654",N,hours
884,Charles Mathis,672-37-7687,"94605 Rebecca View Apt. 216
West Stephaniefurt, MP 76269",N,miles
885,Melinda Washington,397-85-4948,"528 Walker Fields
West Susanview, FM 52961",Y,miles
886,Desiree Michael,175-08-8865,"261 Stewart Locks Suite 495
Adamsfort, TX 38368",N,miles
887,Randall Jones,411-14-6272,"263 Crawford Harbor Suite 022
Jaimefurt, CA 94074",Y,hours
888,Shannon Charles,381-55-7711,"61009 Perry Garden Suite 042
North James, HI 00967",Y,hours
889,Joshua Buck,682-13-4008,"494 Lucas Viaduct
East Gabriel, NV 01054",Y,hours
890,Sara Wright,566-47-8899,"72278 Ronald Camp
New Carlos, ID 97748",N,hours
891,Janet Kelly,552-94-5359,"239 Gomez Run Suite 366
South Marthahaven, AL 74782",N,hours
892,William Tanner,759-23-0656,"1364 Rodriguez Path
East Jamesshire, FL 74190",N,hours
893,Tracy Johnson,779-30-7873,"906 Lindsay Circle Suite 576
North Jillville, NM 43427",Y,miles
894,Christopher Blankenship,105-82-5041,"363 Paul Forge
Port Sandra, ID 13984",N,miles
895,Thomas Douglas,232-51-7502,"PSC 5765, Box 7681
APO AE 66048",N,hours
896,David Olson,043-87-1727,"1690 Linda Motorway Apt. 416
Colinmouth, AZ 92355",Y,hours
897,James Rogers,653-58-9816,"5877 Jessica Shoal Suite 306
East Laurastad, AK 99382",N,hours
898,Jonathan Lowe,338-25-7752,"6712 Larson Green
Port Dean, CT 41971",Y,hours
899,Luke Simon,364-84-6508,"484 Newman Prairie Suite 223
Danielfort, NY 70138",N,miles
900,Nicole Carlson,766-09-0904,"65544 Beck Village
Dustinberg, AZ 67925",N,miles
901,Terry Morris,111-79-1718,"10394 Vazquez Brooks Apt. 587
Bradleyside, MS 66431",N,hours
902,Robert Price,830-65-0428,"USS Rivas
FPO AE 57726",Y,miles
903,Brenda Allen,470-26-9313,"442 Melissa Extensions Apt. 889
Ashleyberg, NH 71386",N,hours
904,Stephanie Adkins,207-39-2516,"78980 Perez Road Apt. 007
South Ryan, ND 25476",Y,hours
905,Rachel Ruiz,781-26-1466,"120 Lee Skyway Suite 870
Carlsonburgh, WI 77439",Y,hours
906,Erik Foster,817-91-5456,"PSC 0148, Box 0731
APO AE 11035",Y,miles
907,Jennifer Green,347-98-2430,"6874 Christensen Union
South Latasha, WY 26559",Y,hours
908,Kara Finley,813-49-5511,"550 Best Spur Apt. 116
Wilsonchester, ID 32675",N,miles
909,Edward Nguyen,131-72-8179,"650 Sanford Villages
West Erika, NY 91359",N,hours
910,Dana Jackson,825-11-2502,"PSC 6139, Box 8489
APO AE 68839",Y,miles
911,Mr. Ian Jones,792-44-3725,"Unit 0811 Box 0236
DPO AE 26509",Y,miles
912,Mark Ferguson,817-15-1927,"144 Thomas Park
Danielchester, TX 67492",N,miles
913,Curtis Zhang,181-94-9794,"8413 Rodriguez Lakes
Maciasport, AZ 82431",N,miles
914,Kerry Mueller,550-46-3148,"28737 Beltran Forge Suite 840
Browntown, MT 28852",Y,miles
915,Joseph Ortega,644-15-0114,"1743 Martinez Tunnel Suite 581
New Geraldhaven, VA 22517",N,miles
916,Corey Clark,132-96-5777,"52429 Mayer Lakes Apt. 769
South Sergioport, MP 71685",N,miles
917,Nathan Mcdonald,286-45-3546,"019 Dixon Burgs
Port Cory, KS 55873",Y,miles
918,Joyce Klein,826-03-1563,"57799 Kathy Rue
Rodneyhaven, MT 31735",Y,miles
919,Debra Snow,709-65-7131,"1464 Barry Fall Suite 812
Barajaschester, OR 56163",Y,miles
920,Sarah Mcdonald,840-02-6227,"62973 Wells Mission
Port Joseph, OK 63332",N,hours
921,Katherine Alexander,655-41-4452,"9464 Clay Inlet
Melanieside, IN 24207",N,hours
922,Sheri Davis,766-43-8401,"Unit 1349 Box 0725
DPO AP 07330",Y,miles
923,Stephen Lamb,810-22-4255,"3969 Morrison Track
Cookborough, NM 56158",N,miles
924,Gina Mcdaniel,681-44-9571,"13347 Julie Tunnel
North Debra, KS 21966",Y,hours
925,Theodore Grant,012-35-8507,"754 Kevin Village
New Nicholasville, LA 92907",N,hours
926,Colleen Jones,026-02-6902,"7263 Jones Loaf Suite 360
New Eric, MD 78391",N,hours
927,Rebecca Carlson,610-57-8263,"9656 Williams Mountains Apt. 260
Kristinland, AR 45422",N,hours
928,Elizabeth Palmer DVM,554-38-2679,"USCGC Nguyen
FPO AP 77355",Y,hours
929,Timothy Mckinney,005-37-3243,"20310 Angela Tunnel Suite 204
North Jeffrey, MT 08131",Y,miles
930,Luis Harvey,022-21-9977,"00826 Mccoy Ridge
North Marcusport, RI 36161",N,hours
931,Haley Little,112-31-1793,"67716 Whitney Mountains
South Davidbury, ID 04956",N,hours
932,Deborah Morton,803-32-6763,"7200 Cline Radial
Bestville, HI 12899",Y,miles
933,Aaron Baird,451-19-4751,"963 Mann Cape
Torresfurt, VI 07134",N,hours
934,Patrick Lynch,377-89-1489,"289 Melvin Expressway
Port Dianeberg, VT 26973",N,hours
935,Kimberly Martinez,274-86-2220,"4498 Matthews Centers Suite 750
Reynoldsside, MT 08833",Y,miles
936,Lisa Stewart,201-13-7862,"7105 Hughes Mill Apt. 750
Lake Juliefort, NE 94273",Y,miles
937,Stephen Kerr,396-05-4871,"5328 David Mews
Sheltonland, MT 22979",Y,miles
938,Kelly Wilcox,116-66-8267,"88675 Solis Forks
South Joyce, WA 30936",N,hours
939,Nancy Hamilton,213-73-2559,"PSC 9427, Box 2076
APO AA 79399",N,hours
940,Daniel Campbell,218-56-9272,"508 Brenda Rapid
West Jamestown, CA 70420",N,hours
941,Brittany Martin,195-34-0557,"645 Whitney Valleys Suite 952
Elliottville, HI 27764",N,hours
942,Lisa Moore,825-25-0133,"9832 Mooney Neck Suite 540
South Autumn, HI 06538",N,hours
943,Lisa Williamson,397-81-3059,"4758 George Isle Apt. 917
Foxmouth, KY 22189",Y,hours
944,James Gray,351-41-5704,"103 Murphy Terrace
West Tammyton, DE 75007",N,hours
945,Sarah Barr,531-54-2539,"78317 John Mills
Lake Cynthiaport, NE 67346",Y,hours
946,Laura Hernandez,296-85-8425,"463 Timothy Parks
North Kaitlin, MD 53055",Y,miles
947,Wayne Fleming,161-09-3758,"486 Jo Place
New Scottside, MO 82181",N,hours
948,Lauren Rosales,114-29-3295,"1204 Claudia Valley Apt. 999
Ashleymouth, WI 81837",N,miles
949,Brian Barker,085-44-5058,"4305 Lane Place
Mccannfurt, SD 63158",N,hours
950,Nicole Sanchez,328-38-5118,"Unit 3667 Box 0781
DPO AA 05856",Y,hours
951,Mallory Kim,292-83-8675,"USCGC Ortiz
FPO AP 64451",Y,miles
952,Willie Cooke,224-29-4987,"829 Ramos Club Apt. 209
West Jeremy, AL 42882",Y,hours
953,Angela Ewing,568-66-4967,"7170 Briggs Mountain
Foleyport, VI 73452",Y,hours
954,Andrew Robinson,495-03-8211,"33955 Wheeler Greens Apt. 081
Jamestown, ID 06932",Y,miles
955,Carlos Green,289-62-8138,"425 Tyler Port Apt. 856
North Wyatt, AK 21589",N,hours
956,Christine Nelson,342-84-3802,"231 Robert Flat Apt. 453
Port Thomasfort, MD 01586",Y,hours
957,Gary Baxter,589-78-1816,"4508 Michael Common Suite 451
Michaelmouth, MT 94697",N,hours
958,Mark Mata,657-06-8341,"USS Anderson
FPO AP 89058",Y,miles
959,Gregory Morton,467-38-7333,"17719 Larry Walks
South Tiffany, HI 04756",Y,miles
960,Kimberly Kirk,359-24-4553,"11685 Estrada Alley
Williamstown, NH 99250",Y,hours
961,Shannon Thomas,890-71-0057,"8724 Lane Spur
South Deborah, DC 66772",Y,miles
962,Michael Clarke,701-27-9126,"Unit 6340 Box 8195
DPO AP 24777",N,miles
963,Lydia Walker,017-58-1129,"08098 Michelle Islands
Dennisburgh, NY 64066",Y,hours
964,Donna Brown,172-02-9453,"762 Sullivan Extensions Suite 121
East Nicoleshire, PW 03959",N,miles
965,Paul Mueller,590-91-5036,"429 Michael Drive Suite 708
Palmerstad, HI 51015",N,hours
966,Paige Gilbert,398-73-2633,"489 Eric Port
Lake Morganbury, OK 85221",N,hours
967,Heather Gonzales,630-71-4765,"USCGC Jenkins
FPO AA 49004",Y,miles
968,Robert Peterson,610-68-0879,"282 Nicole Light
North Cathy, OR 86786",N,miles
969,Jay Michael,739-74-5341,"68519 Matthew Meadows
South Aprilville, ID 83469",N,miles
970,John Anderson,177-80-1096,"22523 Tonya Mission
South Shannon, IL 18621",Y,miles
971,Daniel Gordon,524-55-7223,"59157 Meghan Points Apt. 530
Port Stefanieville, LA 54288",Y,miles
972,Deborah Fisher,402-24-6177,"143 Morgan Lakes
Obrienberg, WV 65042",N,hours
973,Mrs. Rhonda Brown DDS,634-62-1920,"59977 David River
West Baileyhaven, UT 90369",Y,hours
974,Crystal Gibbs,694-01-4351,"8452 Gutierrez River Suite 390
Bradfordberg, PA 69518",Y,miles
975,Hector Myers,867-38-1767,"187 Martinez Manors Suite 210
New Jonathanton, NH 91778",N,miles
976,Pamela Dixon,670-91-2870,"73347 Mcfarland Wall
Ginaville, WA 77187",Y,miles
977,Timothy Le,384-02-3841,"452 Michelle Plaza Suite 058
Jonathanport, WI 19804",N,hours
978,Jennifer Carter,109-60-4143,"7165 Todd Extension
Danielsland, AK 94183",N,miles
979,Katherine Brennan,710-42-3125,"Unit 7617 Box 1684
DPO AE 72351",N,miles
980,Daniel Harrison,503-80-9058,"504 Curtis Causeway
North Christopherbury, TX 24511",Y,miles
981,John Freeman,154-40-3567,"16328 Rogers Cliff Suite 044
Wilsonberg, AK 91303",N,miles
982,Erin Andrews,458-40-3726,"690 Dunlap Trail Suite 755
New Alex, OH 07642",N,miles
983,Edward Turner,450-01-4432,"5133 Sutton Forges
West Darrell, NV 04929",Y,hours
984,Lisa Copeland,735-18-4861,"9961 Deanna Well
Smithport, MA 76393",N,hours
985,Kathryn Alexander,710-53-7637,"4086 Sophia Springs
West Kimberly, NC 76426",N,hours
986,Sara Mcdaniel,700-63-7177,"017 Daniel Meadows
Charlesburgh, MP 10583",Y,miles
987,Timothy Johnson,238-42-4306,"4571 Johns Ports Apt. 322
Robynfort, MS 73395",N,hours
988,Samuel Dawson,716-77-3515,"0770 Wilson Club Apt. 120
Markport, CA 95014",Y,miles
989,Jerry Escobar,065-64-7085,"941 Henderson Creek
Kylechester, HI 86220",Y,hours
990,Todd Nelson,895-77-0327,"38095 Virginia Summit
Kennethbury, NE 36736",Y,miles
991,Jenna Mccormick,149-68-0417,"56892 Krista Stream Apt. 555
Port Breanna, CA 26508",Y,hours
992,Joseph Montgomery,630-87-5229,"71165 Green Terrace Apt. 969
East Rebecca, MI 92353",N,hours
993,Kevin Blevins,092-08-5660,"5156 Collier Common
Port Elizabeth, MH 29304",Y,hours
994,Tracy Ibarra,804-58-6866,"34507 Wagner Square
Baileyland, KS 15795",Y,miles
995,Erica Carlson,125-38-0519,"3197 Mark Port Suite 425
Richmondburgh, PW 64039",Y,hours
996,Jason Hudson,752-21-5396,"7317 Michele Lake
New Johnland, MI 11226",Y,hours
997,Brent Gilmore,779-72-4083,"26941 Sandra Parkway
Briannafurt, RI 92006",Y,miles
998,Michelle Contreras,483-13-7547,"3127 Shelly Junction
New Felicia, PA 82202",Y,miles
999,Leah Dean,734-29-2457,"62500 Peters Brooks
Jasonfort, IL 33793",N,hours
1000,Alex Gordon,397-61-2931,"0070 Gates Cliff Suite 730
Laurenview, FM 48251",N,miles
1001,Patricia Snyder,353-29-1321,"33651 Chad Court
Kennethhaven, IA 18577",N,hours
1002,Joy Chung,811-26-2685,"79293 Stephanie Island Apt. 359
Peterton, MD 03121",N,hours
1003,Jo Jordan,723-89-4642,"6699 Victoria Spurs Apt. 979
Melvinberg, WI 16165",Y,hours
1004,Karen Chapman,782-56-8309,"99503 Karla Rue
New Brittanytown, OK 03077",N,hours
1005,Patrick Lynch,484-59-0622,"452 Jill Burg
Pearsonbury, LA 83325",Y,miles
1006,Jerry Howard,544-19-2945,"8993 Ronald Roads Apt. 531
Ashleymouth, DC 76393",Y,hours
1007,Tyler Green,035-32-9954,"9099 Bartlett Fields Suite 803
Port David, WI 83679",Y,miles
1008,Scott Leblanc,451-74-4479,"504 Cooper Mills
Melendezchester, WI 44402",Y,hours
1009,Annette Booth,089-11-1096,"4531 Joseph Ville Suite 259
Theresaport, KS 94473",Y,miles
